--
-- PostgreSQL database dump
--

SET client_encoding = 'UTF-8';
SET check_function_bodies = false;
SET client_min_messages = warning;

SET search_path = public, pg_catalog;

--
-- Name: age_groups_id_seq; Type: SEQUENCE SET; Schema: public; Owner: root
--

SELECT pg_catalog.setval('age_groups_id_seq', 273, true);


--
-- Name: answers_id_seq; Type: SEQUENCE SET; Schema: public; Owner: root
--

SELECT pg_catalog.setval('answers_id_seq', 3, true);


--
-- Name: booking_requirements_id_seq; Type: SEQUENCE SET; Schema: public; Owner: root
--

SELECT pg_catalog.setval('booking_requirements_id_seq', 1, true);


--
-- Name: categories_id_seq; Type: SEQUENCE SET; Schema: public; Owner: root
--

SELECT pg_catalog.setval('categories_id_seq', 6, true);


--
-- Name: category_groups_id_seq; Type: SEQUENCE SET; Schema: public; Owner: root
--

SELECT pg_catalog.setval('category_groups_id_seq', 2, true);


--
-- Name: companions_id_seq; Type: SEQUENCE SET; Schema: public; Owner: root
--

SELECT pg_catalog.setval('companions_id_seq', 1, true);


--
-- Name: culture_providers_id_seq; Type: SEQUENCE SET; Schema: public; Owner: root
--

SELECT pg_catalog.setval('culture_providers_id_seq', 1, true);


--
-- Name: districts_id_seq; Type: SEQUENCE SET; Schema: public; Owner: root
--

SELECT pg_catalog.setval('districts_id_seq', 10, true);


--
-- Name: events_id_seq; Type: SEQUENCE SET; Schema: public; Owner: root
--

SELECT pg_catalog.setval('events_id_seq', 2, true);


--
-- Name: groups_id_seq; Type: SEQUENCE SET; Schema: public; Owner: root
--

SELECT pg_catalog.setval('groups_id_seq', 273, true);


--
-- Name: images_id_seq; Type: SEQUENCE SET; Schema: public; Owner: root
--

SELECT pg_catalog.setval('images_id_seq', 10, true);


--
-- Name: notification_requests_id_seq; Type: SEQUENCE SET; Schema: public; Owner: root
--

SELECT pg_catalog.setval('notification_requests_id_seq', 1, false);


--
-- Name: occasions_id_seq; Type: SEQUENCE SET; Schema: public; Owner: root
--

SELECT pg_catalog.setval('occasions_id_seq', 3, true);


--
-- Name: questionaires_id_seq; Type: SEQUENCE SET; Schema: public; Owner: root
--

SELECT pg_catalog.setval('questionaires_id_seq', 1, true);


--
-- Name: questions_id_seq; Type: SEQUENCE SET; Schema: public; Owner: root
--

SELECT pg_catalog.setval('questions_id_seq', 3, true);


--
-- Name: role_applications_id_seq; Type: SEQUENCE SET; Schema: public; Owner: root
--

SELECT pg_catalog.setval('role_applications_id_seq', 1, false);


--
-- Name: roles_id_seq; Type: SEQUENCE SET; Schema: public; Owner: root
--

SELECT pg_catalog.setval('roles_id_seq', 4, true);


--
-- Name: school_prios_id_seq; Type: SEQUENCE SET; Schema: public; Owner: root
--

SELECT pg_catalog.setval('school_prios_id_seq', 39, true);


--
-- Name: schools_id_seq; Type: SEQUENCE SET; Schema: public; Owner: root
--

SELECT pg_catalog.setval('schools_id_seq', 39, true);


--
-- Name: sessions_id_seq; Type: SEQUENCE SET; Schema: public; Owner: root
--

SELECT pg_catalog.setval('sessions_id_seq', 3, true);


--
-- Name: tickets_id_seq; Type: SEQUENCE SET; Schema: public; Owner: root
--

SELECT pg_catalog.setval('tickets_id_seq', 300, true);


--
-- Name: users_id_seq; Type: SEQUENCE SET; Schema: public; Owner: root
--

SELECT pg_catalog.setval('users_id_seq', 1, true);


--
--
-- Data for Name: districts; Type: TABLE DATA; Schema: public; Owner: root
--

INSERT INTO districts (id, name, elit_id, created_at, updated_at) VALUES (1, 'Centrum', 6155, '2009-06-25 14:17:46.953157', '2009-06-25 14:17:46.953157');
INSERT INTO districts (id, name, elit_id, created_at, updated_at) VALUES (2, 'Västra innerstaden', 6069, '2009-06-25 14:17:46.955692', '2009-06-25 14:17:46.955692');
INSERT INTO districts (id, name, elit_id, created_at, updated_at) VALUES (3, 'Hyllie', 5926, '2009-06-25 14:17:46.956752', '2009-06-25 14:17:46.956752');
INSERT INTO districts (id, name, elit_id, created_at, updated_at) VALUES (4, 'Fosie', 9910, '2009-06-25 14:17:46.957685', '2009-06-25 14:17:46.957685');
INSERT INTO districts (id, name, elit_id, created_at, updated_at) VALUES (5, 'Oxie', 7813, '2009-06-25 14:17:46.958695', '2009-06-25 14:17:46.958695');
INSERT INTO districts (id, name, elit_id, created_at, updated_at) VALUES (6, 'Husie', 1392, '2009-06-25 14:17:46.959676', '2009-06-25 14:17:46.959676');
INSERT INTO districts (id, name, elit_id, created_at, updated_at) VALUES (7, 'Limhamn Brunkeflo', 6790, '2009-06-25 14:17:46.960652', '2009-06-25 14:17:46.960652');
INSERT INTO districts (id, name, elit_id, created_at, updated_at) VALUES (8, 'Kirseberg', 7138, '2009-06-25 14:17:46.961589', '2009-06-25 14:17:46.961589');
INSERT INTO districts (id, name, elit_id, created_at, updated_at) VALUES (9, 'Rosengård', 5359, '2009-06-25 14:17:46.962583', '2009-06-25 14:17:46.962583');
INSERT INTO districts (id, name, elit_id, created_at, updated_at) VALUES (10, 'Södra innerstaden', 6483, '2009-06-25 14:17:46.963586', '2009-06-25 14:17:46.963586');


--
-- Data for Name: schools; Type: TABLE DATA; Schema: public; Owner: root
--

INSERT INTO schools (id, name, elit_id, district_id, created_at, updated_at) VALUES (1, 'Djupadalsskolan', 32110, 1, '2009-06-25 14:17:46.966082', '2009-06-25 14:17:46.966082');
INSERT INTO schools (id, name, elit_id, district_id, created_at, updated_at) VALUES (2, 'Geijerskolan', 47515, 2, '2009-06-25 14:17:46.968016', '2009-06-25 14:17:46.968016');
INSERT INTO schools (id, name, elit_id, district_id, created_at, updated_at) VALUES (3, 'Hyllieskolan', 79371, 3, '2009-06-25 14:17:46.96911', '2009-06-25 14:17:46.96911');
INSERT INTO schools (id, name, elit_id, district_id, created_at, updated_at) VALUES (4, 'Karl Johanskolan', 9621, 4, '2009-06-25 14:17:46.970174', '2009-06-25 14:17:46.970174');
INSERT INTO schools (id, name, elit_id, district_id, created_at, updated_at) VALUES (5, 'Strandskolan', 37557, 5, '2009-06-25 14:17:46.971214', '2009-06-25 14:17:46.971214');
INSERT INTO schools (id, name, elit_id, district_id, created_at, updated_at) VALUES (6, 'Klagshamnsskolan', 3687, 6, '2009-06-25 14:17:46.972233', '2009-06-25 14:17:46.972233');
INSERT INTO schools (id, name, elit_id, district_id, created_at, updated_at) VALUES (7, 'Sundsbroskolan', 17391, 7, '2009-06-25 14:17:46.973258', '2009-06-25 14:17:46.973258');
INSERT INTO schools (id, name, elit_id, district_id, created_at, updated_at) VALUES (8, 'Linnéskolan', 39242, 8, '2009-06-25 14:17:46.974267', '2009-06-25 14:17:46.974267');
INSERT INTO schools (id, name, elit_id, district_id, created_at, updated_at) VALUES (9, 'Tygelsjöskolan', 90146, 9, '2009-06-25 14:17:46.975222', '2009-06-25 14:17:46.975222');
INSERT INTO schools (id, name, elit_id, district_id, created_at, updated_at) VALUES (10, 'Skolan på Ön', 39289, 10, '2009-06-25 14:17:46.976219', '2009-06-25 14:17:46.976219');
INSERT INTO schools (id, name, elit_id, district_id, created_at, updated_at) VALUES (11, 'Ängslättskolan', 24645, 1, '2009-06-25 14:17:46.977244', '2009-06-25 14:17:46.977244');
INSERT INTO schools (id, name, elit_id, district_id, created_at, updated_at) VALUES (12, 'Ängslättskolan', 901, 2, '2009-06-25 14:17:46.978159', '2009-06-25 14:17:46.978159');
INSERT INTO schools (id, name, elit_id, district_id, created_at, updated_at) VALUES (13, 'Hurvaskolan', 57931, 3, '2009-06-25 14:17:46.979919', '2009-06-25 14:17:46.979919');
INSERT INTO schools (id, name, elit_id, district_id, created_at, updated_at) VALUES (14, 'Borgarskolan', 53130, 4, '2009-06-25 14:17:46.988529', '2009-06-25 14:17:46.988529');
INSERT INTO schools (id, name, elit_id, district_id, created_at, updated_at) VALUES (15, 'S:t Petri skola', 60483, 5, '2009-06-25 14:17:46.989871', '2009-06-25 14:17:46.989871');
INSERT INTO schools (id, name, elit_id, district_id, created_at, updated_at) VALUES (16, 'Gåsaskolan', 31350, 6, '2009-06-25 14:17:46.990962', '2009-06-25 14:17:46.990962');
INSERT INTO schools (id, name, elit_id, district_id, created_at, updated_at) VALUES (17, 'Annebergsskolan', 81935, 7, '2009-06-25 14:17:46.992049', '2009-06-25 14:17:46.992049');
INSERT INTO schools (id, name, elit_id, district_id, created_at, updated_at) VALUES (18, 'Dammfriskolan', 26114, 8, '2009-06-25 14:17:46.994147', '2009-06-25 14:17:46.994147');
INSERT INTO schools (id, name, elit_id, district_id, created_at, updated_at) VALUES (19, 'Augustenborgskolan', 59326, 9, '2009-06-25 14:17:46.996172', '2009-06-25 14:17:46.996172');
INSERT INTO schools (id, name, elit_id, district_id, created_at, updated_at) VALUES (20, 'Bulltoftaskolan', 68679, 10, '2009-06-25 14:17:46.99866', '2009-06-25 14:17:46.99866');
INSERT INTO schools (id, name, elit_id, district_id, created_at, updated_at) VALUES (21, 'Holmaskolan', 64285, 1, '2009-06-25 14:17:47.000055', '2009-06-25 14:17:47.000055');
INSERT INTO schools (id, name, elit_id, district_id, created_at, updated_at) VALUES (22, 'Asdfskolan', 30070, 2, '2009-06-25 14:17:47.001004', '2009-06-25 14:17:47.001004');
INSERT INTO schools (id, name, elit_id, district_id, created_at, updated_at) VALUES (23, 'w00tskolan', 76976, 3, '2009-06-25 14:17:47.001952', '2009-06-25 14:17:47.001952');
INSERT INTO schools (id, name, elit_id, district_id, created_at, updated_at) VALUES (24, 'qlskolan', 25928, 4, '2009-06-25 14:17:47.002951', '2009-06-25 14:17:47.002951');
INSERT INTO schools (id, name, elit_id, district_id, created_at, updated_at) VALUES (25, '3117skolan', 55228, 5, '2009-06-25 14:17:47.003965', '2009-06-25 14:17:47.003965');
INSERT INTO schools (id, name, elit_id, district_id, created_at, updated_at) VALUES (26, 'h4xorskolan', 80552, 6, '2009-06-25 14:17:47.004964', '2009-06-25 14:17:47.004964');
INSERT INTO schools (id, name, elit_id, district_id, created_at, updated_at) VALUES (27, 'Livets hårda skola', 6567, 7, '2009-06-25 14:17:47.005993', '2009-06-25 14:17:47.005993');
INSERT INTO schools (id, name, elit_id, district_id, created_at, updated_at) VALUES (28, 'Björnbärskolan', 85210, 8, '2009-06-25 14:17:47.007015', '2009-06-25 14:17:47.007015');
INSERT INTO schools (id, name, elit_id, district_id, created_at, updated_at) VALUES (29, 'Blåbärskolan', 9452, 9, '2009-06-25 14:17:47.008016', '2009-06-25 14:17:47.008016');
INSERT INTO schools (id, name, elit_id, district_id, created_at, updated_at) VALUES (30, 'Trätoffelskolan', 90787, 10, '2009-06-25 14:17:47.009006', '2009-06-25 14:17:47.009006');
INSERT INTO schools (id, name, elit_id, district_id, created_at, updated_at) VALUES (31, 'Bengts skola', 74431, 1, '2009-06-25 14:17:47.010039', '2009-06-25 14:17:47.010039');
INSERT INTO schools (id, name, elit_id, district_id, created_at, updated_at) VALUES (32, 'Kvarnbyskolan', 6737, 2, '2009-06-25 14:17:47.011095', '2009-06-25 14:17:47.011095');
INSERT INTO schools (id, name, elit_id, district_id, created_at, updated_at) VALUES (33, 'n00bskolan', 88991, 3, '2009-06-25 14:17:47.012156', '2009-06-25 14:17:47.012156');
INSERT INTO schools (id, name, elit_id, district_id, created_at, updated_at) VALUES (34, 'Skolan på berget', 22359, 4, '2009-06-25 14:17:47.013199', '2009-06-25 14:17:47.013199');
INSERT INTO schools (id, name, elit_id, district_id, created_at, updated_at) VALUES (35, 'Skolan på kullen', 63157, 5, '2009-06-25 14:17:47.014248', '2009-06-25 14:17:47.014248');
INSERT INTO schools (id, name, elit_id, district_id, created_at, updated_at) VALUES (36, 'Skolan i dalen', 96345, 6, '2009-06-25 14:17:47.015263', '2009-06-25 14:17:47.015263');
INSERT INTO schools (id, name, elit_id, district_id, created_at, updated_at) VALUES (37, 'Skolan bakom hörnet', 10609, 7, '2009-06-25 14:17:47.01638', '2009-06-25 14:17:47.01638');
INSERT INTO schools (id, name, elit_id, district_id, created_at, updated_at) VALUES (38, 'Svens skola', 42390, 8, '2009-06-25 14:17:47.017384', '2009-06-25 14:17:47.017384');
INSERT INTO schools (id, name, elit_id, district_id, created_at, updated_at) VALUES (39, 'Triangelskolan', 52700, 9, '2009-06-25 14:17:47.018424', '2009-06-25 14:17:47.018424');


--
-- Data for Name: groups; Type: TABLE DATA; Schema: public; Owner: root
--

INSERT INTO groups (id, name, elit_id, school_id, created_at, updated_at) VALUES (1, 'klass 1a', 70367, 1, '2009-06-25 14:17:47.022492', '2009-06-25 14:17:47.022492');
INSERT INTO groups (id, name, elit_id, school_id, created_at, updated_at) VALUES (2, 'klass 1b', 3568, 1, '2009-06-25 14:17:47.029174', '2009-06-25 14:17:47.029174');
INSERT INTO groups (id, name, elit_id, school_id, created_at, updated_at) VALUES (3, 'klass 2a', 64156, 1, '2009-06-25 14:17:47.030377', '2009-06-25 14:17:47.030377');
INSERT INTO groups (id, name, elit_id, school_id, created_at, updated_at) VALUES (4, 'klass 2b', 60188, 1, '2009-06-25 14:17:47.031399', '2009-06-25 14:17:47.031399');
INSERT INTO groups (id, name, elit_id, school_id, created_at, updated_at) VALUES (5, 'klass 4e', 40679, 1, '2009-06-25 14:17:47.032432', '2009-06-25 14:17:47.032432');
INSERT INTO groups (id, name, elit_id, school_id, created_at, updated_at) VALUES (6, 'klass 5c', 10333, 1, '2009-06-25 14:17:47.033505', '2009-06-25 14:17:47.033505');
INSERT INTO groups (id, name, elit_id, school_id, created_at, updated_at) VALUES (7, 'klass 6d', 61368, 1, '2009-06-25 14:17:47.034541', '2009-06-25 14:17:47.034541');
INSERT INTO groups (id, name, elit_id, school_id, created_at, updated_at) VALUES (8, 'klass 1a', 73584, 2, '2009-06-25 14:17:47.035493', '2009-06-25 14:17:47.035493');
INSERT INTO groups (id, name, elit_id, school_id, created_at, updated_at) VALUES (9, 'klass 1b', 42907, 2, '2009-06-25 14:17:47.03654', '2009-06-25 14:17:47.03654');
INSERT INTO groups (id, name, elit_id, school_id, created_at, updated_at) VALUES (10, 'klass 2a', 35705, 2, '2009-06-25 14:17:47.037528', '2009-06-25 14:17:47.037528');
INSERT INTO groups (id, name, elit_id, school_id, created_at, updated_at) VALUES (11, 'klass 2b', 90694, 2, '2009-06-25 14:17:47.038555', '2009-06-25 14:17:47.038555');
INSERT INTO groups (id, name, elit_id, school_id, created_at, updated_at) VALUES (12, 'klass 4e', 75456, 2, '2009-06-25 14:17:47.039484', '2009-06-25 14:17:47.039484');
INSERT INTO groups (id, name, elit_id, school_id, created_at, updated_at) VALUES (13, 'klass 5c', 20373, 2, '2009-06-25 14:17:47.040513', '2009-06-25 14:17:47.040513');
INSERT INTO groups (id, name, elit_id, school_id, created_at, updated_at) VALUES (14, 'klass 6d', 31068, 2, '2009-06-25 14:17:47.041484', '2009-06-25 14:17:47.041484');
INSERT INTO groups (id, name, elit_id, school_id, created_at, updated_at) VALUES (15, 'klass 1a', 30786, 3, '2009-06-25 14:17:47.043574', '2009-06-25 14:17:47.043574');
INSERT INTO groups (id, name, elit_id, school_id, created_at, updated_at) VALUES (16, 'klass 1b', 62633, 3, '2009-06-25 14:17:47.045147', '2009-06-25 14:17:47.045147');
INSERT INTO groups (id, name, elit_id, school_id, created_at, updated_at) VALUES (17, 'klass 2a', 76396, 3, '2009-06-25 14:17:47.046886', '2009-06-25 14:17:47.046886');
INSERT INTO groups (id, name, elit_id, school_id, created_at, updated_at) VALUES (18, 'klass 2b', 9845, 3, '2009-06-25 14:17:47.048034', '2009-06-25 14:17:47.048034');
INSERT INTO groups (id, name, elit_id, school_id, created_at, updated_at) VALUES (19, 'klass 4e', 52514, 3, '2009-06-25 14:17:47.049304', '2009-06-25 14:17:47.049304');
INSERT INTO groups (id, name, elit_id, school_id, created_at, updated_at) VALUES (20, 'klass 5c', 81204, 3, '2009-06-25 14:17:47.050428', '2009-06-25 14:17:47.050428');
INSERT INTO groups (id, name, elit_id, school_id, created_at, updated_at) VALUES (21, 'klass 6d', 4540, 3, '2009-06-25 14:17:47.051428', '2009-06-25 14:17:47.051428');
INSERT INTO groups (id, name, elit_id, school_id, created_at, updated_at) VALUES (22, 'klass 1a', 26902, 4, '2009-06-25 14:17:47.052387', '2009-06-25 14:17:47.052387');
INSERT INTO groups (id, name, elit_id, school_id, created_at, updated_at) VALUES (23, 'klass 1b', 16416, 4, '2009-06-25 14:17:47.053365', '2009-06-25 14:17:47.053365');
INSERT INTO groups (id, name, elit_id, school_id, created_at, updated_at) VALUES (24, 'klass 2a', 48001, 4, '2009-06-25 14:17:47.0546', '2009-06-25 14:17:47.0546');
INSERT INTO groups (id, name, elit_id, school_id, created_at, updated_at) VALUES (25, 'klass 2b', 79997, 4, '2009-06-25 14:17:47.055575', '2009-06-25 14:17:47.055575');
INSERT INTO groups (id, name, elit_id, school_id, created_at, updated_at) VALUES (26, 'klass 4e', 77052, 4, '2009-06-25 14:17:47.056463', '2009-06-25 14:17:47.056463');
INSERT INTO groups (id, name, elit_id, school_id, created_at, updated_at) VALUES (27, 'klass 5c', 3030, 4, '2009-06-25 14:17:47.05742', '2009-06-25 14:17:47.05742');
INSERT INTO groups (id, name, elit_id, school_id, created_at, updated_at) VALUES (28, 'klass 6d', 75308, 4, '2009-06-25 14:17:47.058393', '2009-06-25 14:17:47.058393');
INSERT INTO groups (id, name, elit_id, school_id, created_at, updated_at) VALUES (29, 'klass 1a', 27477, 5, '2009-06-25 14:17:47.059404', '2009-06-25 14:17:47.059404');
INSERT INTO groups (id, name, elit_id, school_id, created_at, updated_at) VALUES (30, 'klass 1b', 25007, 5, '2009-06-25 14:17:47.060359', '2009-06-25 14:17:47.060359');
INSERT INTO groups (id, name, elit_id, school_id, created_at, updated_at) VALUES (31, 'klass 2a', 93865, 5, '2009-06-25 14:17:47.061579', '2009-06-25 14:17:47.061579');
INSERT INTO groups (id, name, elit_id, school_id, created_at, updated_at) VALUES (32, 'klass 2b', 84380, 5, '2009-06-25 14:17:47.063114', '2009-06-25 14:17:47.063114');
INSERT INTO groups (id, name, elit_id, school_id, created_at, updated_at) VALUES (33, 'klass 4e', 79313, 5, '2009-06-25 14:17:47.069082', '2009-06-25 14:17:47.069082');
INSERT INTO groups (id, name, elit_id, school_id, created_at, updated_at) VALUES (34, 'klass 5c', 50038, 5, '2009-06-25 14:17:47.070241', '2009-06-25 14:17:47.070241');
INSERT INTO groups (id, name, elit_id, school_id, created_at, updated_at) VALUES (35, 'klass 6d', 82689, 5, '2009-06-25 14:17:47.071203', '2009-06-25 14:17:47.071203');
INSERT INTO groups (id, name, elit_id, school_id, created_at, updated_at) VALUES (36, 'klass 1a', 35306, 6, '2009-06-25 14:17:47.072406', '2009-06-25 14:17:47.072406');
INSERT INTO groups (id, name, elit_id, school_id, created_at, updated_at) VALUES (37, 'klass 1b', 73874, 6, '2009-06-25 14:17:47.073302', '2009-06-25 14:17:47.073302');
INSERT INTO groups (id, name, elit_id, school_id, created_at, updated_at) VALUES (38, 'klass 2a', 10401, 6, '2009-06-25 14:17:47.074239', '2009-06-25 14:17:47.074239');
INSERT INTO groups (id, name, elit_id, school_id, created_at, updated_at) VALUES (39, 'klass 2b', 84786, 6, '2009-06-25 14:17:47.075164', '2009-06-25 14:17:47.075164');
INSERT INTO groups (id, name, elit_id, school_id, created_at, updated_at) VALUES (40, 'klass 4e', 46270, 6, '2009-06-25 14:17:47.07615', '2009-06-25 14:17:47.07615');
INSERT INTO groups (id, name, elit_id, school_id, created_at, updated_at) VALUES (41, 'klass 5c', 66415, 6, '2009-06-25 14:17:47.077127', '2009-06-25 14:17:47.077127');
INSERT INTO groups (id, name, elit_id, school_id, created_at, updated_at) VALUES (42, 'klass 6d', 52175, 6, '2009-06-25 14:17:47.0781', '2009-06-25 14:17:47.0781');
INSERT INTO groups (id, name, elit_id, school_id, created_at, updated_at) VALUES (43, 'klass 1a', 27654, 7, '2009-06-25 14:17:47.079079', '2009-06-25 14:17:47.079079');
INSERT INTO groups (id, name, elit_id, school_id, created_at, updated_at) VALUES (44, 'klass 1b', 46904, 7, '2009-06-25 14:17:47.080058', '2009-06-25 14:17:47.080058');
INSERT INTO groups (id, name, elit_id, school_id, created_at, updated_at) VALUES (45, 'klass 2a', 61690, 7, '2009-06-25 14:17:47.081034', '2009-06-25 14:17:47.081034');
INSERT INTO groups (id, name, elit_id, school_id, created_at, updated_at) VALUES (46, 'klass 2b', 58266, 7, '2009-06-25 14:17:47.082004', '2009-06-25 14:17:47.082004');
INSERT INTO groups (id, name, elit_id, school_id, created_at, updated_at) VALUES (47, 'klass 4e', 19282, 7, '2009-06-25 14:17:47.083036', '2009-06-25 14:17:47.083036');
INSERT INTO groups (id, name, elit_id, school_id, created_at, updated_at) VALUES (48, 'klass 5c', 77091, 7, '2009-06-25 14:17:47.083995', '2009-06-25 14:17:47.083995');
INSERT INTO groups (id, name, elit_id, school_id, created_at, updated_at) VALUES (49, 'klass 6d', 40382, 7, '2009-06-25 14:17:47.08486', '2009-06-25 14:17:47.08486');
INSERT INTO groups (id, name, elit_id, school_id, created_at, updated_at) VALUES (50, 'klass 1a', 85241, 8, '2009-06-25 14:17:47.085825', '2009-06-25 14:17:47.085825');
INSERT INTO groups (id, name, elit_id, school_id, created_at, updated_at) VALUES (51, 'klass 1b', 4023, 8, '2009-06-25 14:17:47.086791', '2009-06-25 14:17:47.086791');
INSERT INTO groups (id, name, elit_id, school_id, created_at, updated_at) VALUES (52, 'klass 2a', 3656, 8, '2009-06-25 14:17:47.087785', '2009-06-25 14:17:47.087785');
INSERT INTO groups (id, name, elit_id, school_id, created_at, updated_at) VALUES (53, 'klass 2b', 63694, 8, '2009-06-25 14:17:47.088803', '2009-06-25 14:17:47.088803');
INSERT INTO groups (id, name, elit_id, school_id, created_at, updated_at) VALUES (54, 'klass 4e', 91854, 8, '2009-06-25 14:17:47.089787', '2009-06-25 14:17:47.089787');
INSERT INTO groups (id, name, elit_id, school_id, created_at, updated_at) VALUES (55, 'klass 5c', 44526, 8, '2009-06-25 14:17:47.090765', '2009-06-25 14:17:47.090765');
INSERT INTO groups (id, name, elit_id, school_id, created_at, updated_at) VALUES (56, 'klass 6d', 75488, 8, '2009-06-25 14:17:47.091718', '2009-06-25 14:17:47.091718');
INSERT INTO groups (id, name, elit_id, school_id, created_at, updated_at) VALUES (57, 'klass 1a', 57325, 9, '2009-06-25 14:17:47.093485', '2009-06-25 14:17:47.093485');
INSERT INTO groups (id, name, elit_id, school_id, created_at, updated_at) VALUES (58, 'klass 1b', 5097, 9, '2009-06-25 14:17:47.094993', '2009-06-25 14:17:47.094993');
INSERT INTO groups (id, name, elit_id, school_id, created_at, updated_at) VALUES (59, 'klass 2a', 26302, 9, '2009-06-25 14:17:47.097779', '2009-06-25 14:17:47.097779');
INSERT INTO groups (id, name, elit_id, school_id, created_at, updated_at) VALUES (60, 'klass 2b', 62622, 9, '2009-06-25 14:17:47.099737', '2009-06-25 14:17:47.099737');
INSERT INTO groups (id, name, elit_id, school_id, created_at, updated_at) VALUES (61, 'klass 4e', 29309, 9, '2009-06-25 14:17:47.100763', '2009-06-25 14:17:47.100763');
INSERT INTO groups (id, name, elit_id, school_id, created_at, updated_at) VALUES (62, 'klass 5c', 70459, 9, '2009-06-25 14:17:47.101768', '2009-06-25 14:17:47.101768');
INSERT INTO groups (id, name, elit_id, school_id, created_at, updated_at) VALUES (63, 'klass 6d', 6802, 9, '2009-06-25 14:17:47.102782', '2009-06-25 14:17:47.102782');
INSERT INTO groups (id, name, elit_id, school_id, created_at, updated_at) VALUES (64, 'klass 1a', 12239, 10, '2009-06-25 14:17:47.109691', '2009-06-25 14:17:47.109691');
INSERT INTO groups (id, name, elit_id, school_id, created_at, updated_at) VALUES (65, 'klass 1b', 8580, 10, '2009-06-25 14:17:47.110877', '2009-06-25 14:17:47.110877');
INSERT INTO groups (id, name, elit_id, school_id, created_at, updated_at) VALUES (66, 'klass 2a', 4618, 10, '2009-06-25 14:17:47.111872', '2009-06-25 14:17:47.111872');
INSERT INTO groups (id, name, elit_id, school_id, created_at, updated_at) VALUES (67, 'klass 2b', 5289, 10, '2009-06-25 14:17:47.112828', '2009-06-25 14:17:47.112828');
INSERT INTO groups (id, name, elit_id, school_id, created_at, updated_at) VALUES (68, 'klass 4e', 10530, 10, '2009-06-25 14:17:47.113751', '2009-06-25 14:17:47.113751');
INSERT INTO groups (id, name, elit_id, school_id, created_at, updated_at) VALUES (69, 'klass 5c', 87077, 10, '2009-06-25 14:17:47.114671', '2009-06-25 14:17:47.114671');
INSERT INTO groups (id, name, elit_id, school_id, created_at, updated_at) VALUES (70, 'klass 6d', 29576, 10, '2009-06-25 14:17:47.115687', '2009-06-25 14:17:47.115687');
INSERT INTO groups (id, name, elit_id, school_id, created_at, updated_at) VALUES (71, 'klass 1a', 40028, 11, '2009-06-25 14:17:47.116687', '2009-06-25 14:17:47.116687');
INSERT INTO groups (id, name, elit_id, school_id, created_at, updated_at) VALUES (72, 'klass 1b', 76819, 11, '2009-06-25 14:17:47.117608', '2009-06-25 14:17:47.117608');
INSERT INTO groups (id, name, elit_id, school_id, created_at, updated_at) VALUES (73, 'klass 2a', 46299, 11, '2009-06-25 14:17:47.118588', '2009-06-25 14:17:47.118588');
INSERT INTO groups (id, name, elit_id, school_id, created_at, updated_at) VALUES (74, 'klass 2b', 30965, 11, '2009-06-25 14:17:47.119488', '2009-06-25 14:17:47.119488');
INSERT INTO groups (id, name, elit_id, school_id, created_at, updated_at) VALUES (75, 'klass 4e', 60320, 11, '2009-06-25 14:17:47.120496', '2009-06-25 14:17:47.120496');
INSERT INTO groups (id, name, elit_id, school_id, created_at, updated_at) VALUES (76, 'klass 5c', 83069, 11, '2009-06-25 14:17:47.12146', '2009-06-25 14:17:47.12146');
INSERT INTO groups (id, name, elit_id, school_id, created_at, updated_at) VALUES (77, 'klass 6d', 65976, 11, '2009-06-25 14:17:47.12244', '2009-06-25 14:17:47.12244');
INSERT INTO groups (id, name, elit_id, school_id, created_at, updated_at) VALUES (78, 'klass 1a', 10943, 12, '2009-06-25 14:17:47.123444', '2009-06-25 14:17:47.123444');
INSERT INTO groups (id, name, elit_id, school_id, created_at, updated_at) VALUES (79, 'klass 1b', 41890, 12, '2009-06-25 14:17:47.124458', '2009-06-25 14:17:47.124458');
INSERT INTO groups (id, name, elit_id, school_id, created_at, updated_at) VALUES (80, 'klass 2a', 30499, 12, '2009-06-25 14:17:47.125419', '2009-06-25 14:17:47.125419');
INSERT INTO groups (id, name, elit_id, school_id, created_at, updated_at) VALUES (81, 'klass 2b', 30481, 12, '2009-06-25 14:17:47.126355', '2009-06-25 14:17:47.126355');
INSERT INTO groups (id, name, elit_id, school_id, created_at, updated_at) VALUES (82, 'klass 4e', 79520, 12, '2009-06-25 14:17:47.127334', '2009-06-25 14:17:47.127334');
INSERT INTO groups (id, name, elit_id, school_id, created_at, updated_at) VALUES (83, 'klass 5c', 71816, 12, '2009-06-25 14:17:47.128605', '2009-06-25 14:17:47.128605');
INSERT INTO groups (id, name, elit_id, school_id, created_at, updated_at) VALUES (84, 'klass 6d', 82448, 12, '2009-06-25 14:17:47.129591', '2009-06-25 14:17:47.129591');
INSERT INTO groups (id, name, elit_id, school_id, created_at, updated_at) VALUES (85, 'klass 1a', 18742, 13, '2009-06-25 14:17:47.130556', '2009-06-25 14:17:47.130556');
INSERT INTO groups (id, name, elit_id, school_id, created_at, updated_at) VALUES (86, 'klass 1b', 51245, 13, '2009-06-25 14:17:47.13153', '2009-06-25 14:17:47.13153');
INSERT INTO groups (id, name, elit_id, school_id, created_at, updated_at) VALUES (87, 'klass 2a', 8513, 13, '2009-06-25 14:17:47.132514', '2009-06-25 14:17:47.132514');
INSERT INTO groups (id, name, elit_id, school_id, created_at, updated_at) VALUES (88, 'klass 2b', 71559, 13, '2009-06-25 14:17:47.133488', '2009-06-25 14:17:47.133488');
INSERT INTO groups (id, name, elit_id, school_id, created_at, updated_at) VALUES (89, 'klass 4e', 39868, 13, '2009-06-25 14:17:47.13446', '2009-06-25 14:17:47.13446');
INSERT INTO groups (id, name, elit_id, school_id, created_at, updated_at) VALUES (90, 'klass 5c', 42758, 13, '2009-06-25 14:17:47.135349', '2009-06-25 14:17:47.135349');
INSERT INTO groups (id, name, elit_id, school_id, created_at, updated_at) VALUES (91, 'klass 6d', 74456, 13, '2009-06-25 14:17:47.136323', '2009-06-25 14:17:47.136323');
INSERT INTO groups (id, name, elit_id, school_id, created_at, updated_at) VALUES (92, 'klass 1a', 58059, 14, '2009-06-25 14:17:47.137295', '2009-06-25 14:17:47.137295');
INSERT INTO groups (id, name, elit_id, school_id, created_at, updated_at) VALUES (93, 'klass 1b', 65181, 14, '2009-06-25 14:17:47.138287', '2009-06-25 14:17:47.138287');
INSERT INTO groups (id, name, elit_id, school_id, created_at, updated_at) VALUES (94, 'klass 2a', 66532, 14, '2009-06-25 14:17:47.139246', '2009-06-25 14:17:47.139246');
INSERT INTO groups (id, name, elit_id, school_id, created_at, updated_at) VALUES (95, 'klass 2b', 57375, 14, '2009-06-25 14:17:47.140223', '2009-06-25 14:17:47.140223');
INSERT INTO groups (id, name, elit_id, school_id, created_at, updated_at) VALUES (96, 'klass 4e', 7848, 14, '2009-06-25 14:17:47.141162', '2009-06-25 14:17:47.141162');
INSERT INTO groups (id, name, elit_id, school_id, created_at, updated_at) VALUES (97, 'klass 5c', 28006, 14, '2009-06-25 14:17:47.14207', '2009-06-25 14:17:47.14207');
INSERT INTO groups (id, name, elit_id, school_id, created_at, updated_at) VALUES (98, 'klass 6d', 58539, 14, '2009-06-25 14:17:47.145138', '2009-06-25 14:17:47.145138');
INSERT INTO groups (id, name, elit_id, school_id, created_at, updated_at) VALUES (99, 'klass 1a', 97694, 15, '2009-06-25 14:17:47.153497', '2009-06-25 14:17:47.153497');
INSERT INTO groups (id, name, elit_id, school_id, created_at, updated_at) VALUES (100, 'klass 1b', 42342, 15, '2009-06-25 14:17:47.155408', '2009-06-25 14:17:47.155408');
INSERT INTO groups (id, name, elit_id, school_id, created_at, updated_at) VALUES (101, 'klass 2a', 60798, 15, '2009-06-25 14:17:47.156401', '2009-06-25 14:17:47.156401');
INSERT INTO groups (id, name, elit_id, school_id, created_at, updated_at) VALUES (102, 'klass 2b', 26682, 15, '2009-06-25 14:17:47.157376', '2009-06-25 14:17:47.157376');
INSERT INTO groups (id, name, elit_id, school_id, created_at, updated_at) VALUES (103, 'klass 4e', 54909, 15, '2009-06-25 14:17:47.158354', '2009-06-25 14:17:47.158354');
INSERT INTO groups (id, name, elit_id, school_id, created_at, updated_at) VALUES (104, 'klass 5c', 22567, 15, '2009-06-25 14:17:47.159316', '2009-06-25 14:17:47.159316');
INSERT INTO groups (id, name, elit_id, school_id, created_at, updated_at) VALUES (105, 'klass 6d', 61814, 15, '2009-06-25 14:17:47.160294', '2009-06-25 14:17:47.160294');
INSERT INTO groups (id, name, elit_id, school_id, created_at, updated_at) VALUES (106, 'klass 1a', 82469, 16, '2009-06-25 14:17:47.161281', '2009-06-25 14:17:47.161281');
INSERT INTO groups (id, name, elit_id, school_id, created_at, updated_at) VALUES (107, 'klass 1b', 67104, 16, '2009-06-25 14:17:47.16221', '2009-06-25 14:17:47.16221');
INSERT INTO groups (id, name, elit_id, school_id, created_at, updated_at) VALUES (108, 'klass 2a', 36777, 16, '2009-06-25 14:17:47.163197', '2009-06-25 14:17:47.163197');
INSERT INTO groups (id, name, elit_id, school_id, created_at, updated_at) VALUES (109, 'klass 2b', 87588, 16, '2009-06-25 14:17:47.16416', '2009-06-25 14:17:47.16416');
INSERT INTO groups (id, name, elit_id, school_id, created_at, updated_at) VALUES (110, 'klass 4e', 57716, 16, '2009-06-25 14:17:47.165128', '2009-06-25 14:17:47.165128');
INSERT INTO groups (id, name, elit_id, school_id, created_at, updated_at) VALUES (111, 'klass 5c', 43600, 16, '2009-06-25 14:17:47.166166', '2009-06-25 14:17:47.166166');
INSERT INTO groups (id, name, elit_id, school_id, created_at, updated_at) VALUES (112, 'klass 6d', 91949, 16, '2009-06-25 14:17:47.167132', '2009-06-25 14:17:47.167132');
INSERT INTO groups (id, name, elit_id, school_id, created_at, updated_at) VALUES (113, 'klass 1a', 10010, 17, '2009-06-25 14:17:47.168067', '2009-06-25 14:17:47.168067');
INSERT INTO groups (id, name, elit_id, school_id, created_at, updated_at) VALUES (114, 'klass 1b', 68602, 17, '2009-06-25 14:17:47.168996', '2009-06-25 14:17:47.168996');
INSERT INTO groups (id, name, elit_id, school_id, created_at, updated_at) VALUES (115, 'klass 2a', 89035, 17, '2009-06-25 14:17:47.170003', '2009-06-25 14:17:47.170003');
INSERT INTO groups (id, name, elit_id, school_id, created_at, updated_at) VALUES (116, 'klass 2b', 79390, 17, '2009-06-25 14:17:47.170904', '2009-06-25 14:17:47.170904');
INSERT INTO groups (id, name, elit_id, school_id, created_at, updated_at) VALUES (117, 'klass 4e', 84618, 17, '2009-06-25 14:17:47.171904', '2009-06-25 14:17:47.171904');
INSERT INTO groups (id, name, elit_id, school_id, created_at, updated_at) VALUES (118, 'klass 5c', 81559, 17, '2009-06-25 14:17:47.17293', '2009-06-25 14:17:47.17293');
INSERT INTO groups (id, name, elit_id, school_id, created_at, updated_at) VALUES (119, 'klass 6d', 25445, 17, '2009-06-25 14:17:47.173879', '2009-06-25 14:17:47.173879');
INSERT INTO groups (id, name, elit_id, school_id, created_at, updated_at) VALUES (120, 'klass 1a', 30519, 18, '2009-06-25 14:17:47.174835', '2009-06-25 14:17:47.174835');
INSERT INTO groups (id, name, elit_id, school_id, created_at, updated_at) VALUES (121, 'klass 1b', 7885, 18, '2009-06-25 14:17:47.175814', '2009-06-25 14:17:47.175814');
INSERT INTO groups (id, name, elit_id, school_id, created_at, updated_at) VALUES (122, 'klass 2a', 66233, 18, '2009-06-25 14:17:47.176833', '2009-06-25 14:17:47.176833');
INSERT INTO groups (id, name, elit_id, school_id, created_at, updated_at) VALUES (123, 'klass 2b', 87640, 18, '2009-06-25 14:17:47.177804', '2009-06-25 14:17:47.177804');
INSERT INTO groups (id, name, elit_id, school_id, created_at, updated_at) VALUES (124, 'klass 4e', 3725, 18, '2009-06-25 14:17:47.178803', '2009-06-25 14:17:47.178803');
INSERT INTO groups (id, name, elit_id, school_id, created_at, updated_at) VALUES (125, 'klass 5c', 25809, 18, '2009-06-25 14:17:47.179811', '2009-06-25 14:17:47.179811');
INSERT INTO groups (id, name, elit_id, school_id, created_at, updated_at) VALUES (126, 'klass 6d', 60495, 18, '2009-06-25 14:17:47.180759', '2009-06-25 14:17:47.180759');
INSERT INTO groups (id, name, elit_id, school_id, created_at, updated_at) VALUES (127, 'klass 1a', 39399, 19, '2009-06-25 14:17:47.181777', '2009-06-25 14:17:47.181777');
INSERT INTO groups (id, name, elit_id, school_id, created_at, updated_at) VALUES (128, 'klass 1b', 16100, 19, '2009-06-25 14:17:47.182791', '2009-06-25 14:17:47.182791');
INSERT INTO groups (id, name, elit_id, school_id, created_at, updated_at) VALUES (129, 'klass 2a', 3087, 19, '2009-06-25 14:17:47.184604', '2009-06-25 14:17:47.184604');
INSERT INTO groups (id, name, elit_id, school_id, created_at, updated_at) VALUES (130, 'klass 2b', 86171, 19, '2009-06-25 14:17:47.190674', '2009-06-25 14:17:47.190674');
INSERT INTO groups (id, name, elit_id, school_id, created_at, updated_at) VALUES (131, 'klass 4e', 3303, 19, '2009-06-25 14:17:47.191779', '2009-06-25 14:17:47.191779');
INSERT INTO groups (id, name, elit_id, school_id, created_at, updated_at) VALUES (132, 'klass 5c', 29589, 19, '2009-06-25 14:17:47.192826', '2009-06-25 14:17:47.192826');
INSERT INTO groups (id, name, elit_id, school_id, created_at, updated_at) VALUES (133, 'klass 6d', 89085, 19, '2009-06-25 14:17:47.197721', '2009-06-25 14:17:47.197721');
INSERT INTO groups (id, name, elit_id, school_id, created_at, updated_at) VALUES (134, 'klass 1a', 78437, 20, '2009-06-25 14:17:47.201175', '2009-06-25 14:17:47.201175');
INSERT INTO groups (id, name, elit_id, school_id, created_at, updated_at) VALUES (135, 'klass 1b', 32505, 20, '2009-06-25 14:17:47.202202', '2009-06-25 14:17:47.202202');
INSERT INTO groups (id, name, elit_id, school_id, created_at, updated_at) VALUES (136, 'klass 2a', 80684, 20, '2009-06-25 14:17:47.203188', '2009-06-25 14:17:47.203188');
INSERT INTO groups (id, name, elit_id, school_id, created_at, updated_at) VALUES (137, 'klass 2b', 66009, 20, '2009-06-25 14:17:47.204186', '2009-06-25 14:17:47.204186');
INSERT INTO groups (id, name, elit_id, school_id, created_at, updated_at) VALUES (138, 'klass 4e', 25984, 20, '2009-06-25 14:17:47.205183', '2009-06-25 14:17:47.205183');
INSERT INTO groups (id, name, elit_id, school_id, created_at, updated_at) VALUES (139, 'klass 5c', 47114, 20, '2009-06-25 14:17:47.20623', '2009-06-25 14:17:47.20623');
INSERT INTO groups (id, name, elit_id, school_id, created_at, updated_at) VALUES (140, 'klass 6d', 119, 20, '2009-06-25 14:17:47.207204', '2009-06-25 14:17:47.207204');
INSERT INTO groups (id, name, elit_id, school_id, created_at, updated_at) VALUES (141, 'klass 1a', 93584, 21, '2009-06-25 14:17:47.208261', '2009-06-25 14:17:47.208261');
INSERT INTO groups (id, name, elit_id, school_id, created_at, updated_at) VALUES (142, 'klass 1b', 35983, 21, '2009-06-25 14:17:47.209231', '2009-06-25 14:17:47.209231');
INSERT INTO groups (id, name, elit_id, school_id, created_at, updated_at) VALUES (143, 'klass 2a', 60919, 21, '2009-06-25 14:17:47.210176', '2009-06-25 14:17:47.210176');
INSERT INTO groups (id, name, elit_id, school_id, created_at, updated_at) VALUES (144, 'klass 2b', 21937, 21, '2009-06-25 14:17:47.211106', '2009-06-25 14:17:47.211106');
INSERT INTO groups (id, name, elit_id, school_id, created_at, updated_at) VALUES (145, 'klass 4e', 9114, 21, '2009-06-25 14:17:47.21195', '2009-06-25 14:17:47.21195');
INSERT INTO groups (id, name, elit_id, school_id, created_at, updated_at) VALUES (146, 'klass 5c', 27255, 21, '2009-06-25 14:17:47.212913', '2009-06-25 14:17:47.212913');
INSERT INTO groups (id, name, elit_id, school_id, created_at, updated_at) VALUES (147, 'klass 6d', 93493, 21, '2009-06-25 14:17:47.21385', '2009-06-25 14:17:47.21385');
INSERT INTO groups (id, name, elit_id, school_id, created_at, updated_at) VALUES (148, 'klass 1a', 68239, 22, '2009-06-25 14:17:47.214837', '2009-06-25 14:17:47.214837');
INSERT INTO groups (id, name, elit_id, school_id, created_at, updated_at) VALUES (149, 'klass 1b', 5671, 22, '2009-06-25 14:17:47.215806', '2009-06-25 14:17:47.215806');
INSERT INTO groups (id, name, elit_id, school_id, created_at, updated_at) VALUES (150, 'klass 2a', 31962, 22, '2009-06-25 14:17:47.216961', '2009-06-25 14:17:47.216961');
INSERT INTO groups (id, name, elit_id, school_id, created_at, updated_at) VALUES (151, 'klass 2b', 56139, 22, '2009-06-25 14:17:47.217924', '2009-06-25 14:17:47.217924');
INSERT INTO groups (id, name, elit_id, school_id, created_at, updated_at) VALUES (152, 'klass 4e', 97516, 22, '2009-06-25 14:17:47.21891', '2009-06-25 14:17:47.21891');
INSERT INTO groups (id, name, elit_id, school_id, created_at, updated_at) VALUES (153, 'klass 5c', 14970, 22, '2009-06-25 14:17:47.219856', '2009-06-25 14:17:47.219856');
INSERT INTO groups (id, name, elit_id, school_id, created_at, updated_at) VALUES (154, 'klass 6d', 27075, 22, '2009-06-25 14:17:47.220811', '2009-06-25 14:17:47.220811');
INSERT INTO groups (id, name, elit_id, school_id, created_at, updated_at) VALUES (155, 'klass 1a', 42594, 23, '2009-06-25 14:17:47.221779', '2009-06-25 14:17:47.221779');
INSERT INTO groups (id, name, elit_id, school_id, created_at, updated_at) VALUES (156, 'klass 1b', 48591, 23, '2009-06-25 14:17:47.222751', '2009-06-25 14:17:47.222751');
INSERT INTO groups (id, name, elit_id, school_id, created_at, updated_at) VALUES (157, 'klass 2a', 10605, 23, '2009-06-25 14:17:47.224331', '2009-06-25 14:17:47.224331');
INSERT INTO groups (id, name, elit_id, school_id, created_at, updated_at) VALUES (158, 'klass 2b', 48228, 23, '2009-06-25 14:17:47.225604', '2009-06-25 14:17:47.225604');
INSERT INTO groups (id, name, elit_id, school_id, created_at, updated_at) VALUES (159, 'klass 4e', 71701, 23, '2009-06-25 14:17:47.230916', '2009-06-25 14:17:47.230916');
INSERT INTO groups (id, name, elit_id, school_id, created_at, updated_at) VALUES (160, 'klass 5c', 17442, 23, '2009-06-25 14:17:47.232006', '2009-06-25 14:17:47.232006');
INSERT INTO groups (id, name, elit_id, school_id, created_at, updated_at) VALUES (161, 'klass 6d', 74469, 23, '2009-06-25 14:17:47.233006', '2009-06-25 14:17:47.233006');
INSERT INTO groups (id, name, elit_id, school_id, created_at, updated_at) VALUES (162, 'klass 1a', 17129, 24, '2009-06-25 14:17:47.234028', '2009-06-25 14:17:47.234028');
INSERT INTO groups (id, name, elit_id, school_id, created_at, updated_at) VALUES (163, 'klass 1b', 18499, 24, '2009-06-25 14:17:47.235097', '2009-06-25 14:17:47.235097');
INSERT INTO groups (id, name, elit_id, school_id, created_at, updated_at) VALUES (164, 'klass 2a', 78296, 24, '2009-06-25 14:17:47.236139', '2009-06-25 14:17:47.236139');
INSERT INTO groups (id, name, elit_id, school_id, created_at, updated_at) VALUES (165, 'klass 2b', 13696, 24, '2009-06-25 14:17:47.23716', '2009-06-25 14:17:47.23716');
INSERT INTO groups (id, name, elit_id, school_id, created_at, updated_at) VALUES (166, 'klass 4e', 52630, 24, '2009-06-25 14:17:47.23823', '2009-06-25 14:17:47.23823');
INSERT INTO groups (id, name, elit_id, school_id, created_at, updated_at) VALUES (167, 'klass 5c', 73345, 24, '2009-06-25 14:17:47.239187', '2009-06-25 14:17:47.239187');
INSERT INTO groups (id, name, elit_id, school_id, created_at, updated_at) VALUES (168, 'klass 6d', 94190, 24, '2009-06-25 14:17:47.240186', '2009-06-25 14:17:47.240186');
INSERT INTO groups (id, name, elit_id, school_id, created_at, updated_at) VALUES (169, 'klass 1a', 81364, 25, '2009-06-25 14:17:47.241189', '2009-06-25 14:17:47.241189');
INSERT INTO groups (id, name, elit_id, school_id, created_at, updated_at) VALUES (170, 'klass 1b', 8041, 25, '2009-06-25 14:17:47.24213', '2009-06-25 14:17:47.24213');
INSERT INTO groups (id, name, elit_id, school_id, created_at, updated_at) VALUES (171, 'klass 2a', 23670, 25, '2009-06-25 14:17:47.243058', '2009-06-25 14:17:47.243058');
INSERT INTO groups (id, name, elit_id, school_id, created_at, updated_at) VALUES (172, 'klass 2b', 79572, 25, '2009-06-25 14:17:47.245158', '2009-06-25 14:17:47.245158');
INSERT INTO groups (id, name, elit_id, school_id, created_at, updated_at) VALUES (173, 'klass 4e', 3944, 25, '2009-06-25 14:17:47.246861', '2009-06-25 14:17:47.246861');
INSERT INTO groups (id, name, elit_id, school_id, created_at, updated_at) VALUES (174, 'klass 5c', 4505, 25, '2009-06-25 14:17:47.249221', '2009-06-25 14:17:47.249221');
INSERT INTO groups (id, name, elit_id, school_id, created_at, updated_at) VALUES (175, 'klass 6d', 53935, 25, '2009-06-25 14:17:47.250931', '2009-06-25 14:17:47.250931');
INSERT INTO groups (id, name, elit_id, school_id, created_at, updated_at) VALUES (176, 'klass 1a', 15451, 26, '2009-06-25 14:17:47.252573', '2009-06-25 14:17:47.252573');
INSERT INTO groups (id, name, elit_id, school_id, created_at, updated_at) VALUES (177, 'klass 1b', 63759, 26, '2009-06-25 14:17:47.253606', '2009-06-25 14:17:47.253606');
INSERT INTO groups (id, name, elit_id, school_id, created_at, updated_at) VALUES (178, 'klass 2a', 23697, 26, '2009-06-25 14:17:47.254651', '2009-06-25 14:17:47.254651');
INSERT INTO groups (id, name, elit_id, school_id, created_at, updated_at) VALUES (179, 'klass 2b', 72308, 26, '2009-06-25 14:17:47.255725', '2009-06-25 14:17:47.255725');
INSERT INTO groups (id, name, elit_id, school_id, created_at, updated_at) VALUES (180, 'klass 4e', 54766, 26, '2009-06-25 14:17:47.256759', '2009-06-25 14:17:47.256759');
INSERT INTO groups (id, name, elit_id, school_id, created_at, updated_at) VALUES (181, 'klass 5c', 64714, 26, '2009-06-25 14:17:47.25779', '2009-06-25 14:17:47.25779');
INSERT INTO groups (id, name, elit_id, school_id, created_at, updated_at) VALUES (182, 'klass 6d', 60489, 26, '2009-06-25 14:17:47.258822', '2009-06-25 14:17:47.258822');
INSERT INTO groups (id, name, elit_id, school_id, created_at, updated_at) VALUES (183, 'klass 1a', 65496, 27, '2009-06-25 14:17:47.259846', '2009-06-25 14:17:47.259846');
INSERT INTO groups (id, name, elit_id, school_id, created_at, updated_at) VALUES (184, 'klass 1b', 48347, 27, '2009-06-25 14:17:47.26087', '2009-06-25 14:17:47.26087');
INSERT INTO groups (id, name, elit_id, school_id, created_at, updated_at) VALUES (185, 'klass 2a', 58782, 27, '2009-06-25 14:17:47.261879', '2009-06-25 14:17:47.261879');
INSERT INTO groups (id, name, elit_id, school_id, created_at, updated_at) VALUES (186, 'klass 2b', 92808, 27, '2009-06-25 14:17:47.262862', '2009-06-25 14:17:47.262862');
INSERT INTO groups (id, name, elit_id, school_id, created_at, updated_at) VALUES (187, 'klass 4e', 27409, 27, '2009-06-25 14:17:47.264692', '2009-06-25 14:17:47.264692');
INSERT INTO groups (id, name, elit_id, school_id, created_at, updated_at) VALUES (188, 'klass 5c', 50483, 27, '2009-06-25 14:17:47.265923', '2009-06-25 14:17:47.265923');
INSERT INTO groups (id, name, elit_id, school_id, created_at, updated_at) VALUES (189, 'klass 6d', 32592, 27, '2009-06-25 14:17:47.271696', '2009-06-25 14:17:47.271696');
INSERT INTO groups (id, name, elit_id, school_id, created_at, updated_at) VALUES (190, 'klass 1a', 72283, 28, '2009-06-25 14:17:47.272854', '2009-06-25 14:17:47.272854');
INSERT INTO groups (id, name, elit_id, school_id, created_at, updated_at) VALUES (191, 'klass 1b', 73401, 28, '2009-06-25 14:17:47.273841', '2009-06-25 14:17:47.273841');
INSERT INTO groups (id, name, elit_id, school_id, created_at, updated_at) VALUES (192, 'klass 2a', 97787, 28, '2009-06-25 14:17:47.275189', '2009-06-25 14:17:47.275189');
INSERT INTO groups (id, name, elit_id, school_id, created_at, updated_at) VALUES (193, 'klass 2b', 23679, 28, '2009-06-25 14:17:47.276278', '2009-06-25 14:17:47.276278');
INSERT INTO groups (id, name, elit_id, school_id, created_at, updated_at) VALUES (194, 'klass 4e', 35146, 28, '2009-06-25 14:17:47.277251', '2009-06-25 14:17:47.277251');
INSERT INTO groups (id, name, elit_id, school_id, created_at, updated_at) VALUES (195, 'klass 5c', 68770, 28, '2009-06-25 14:17:47.27828', '2009-06-25 14:17:47.27828');
INSERT INTO groups (id, name, elit_id, school_id, created_at, updated_at) VALUES (196, 'klass 6d', 36011, 28, '2009-06-25 14:17:47.279303', '2009-06-25 14:17:47.279303');
INSERT INTO groups (id, name, elit_id, school_id, created_at, updated_at) VALUES (197, 'klass 1a', 98636, 29, '2009-06-25 14:17:47.280321', '2009-06-25 14:17:47.280321');
INSERT INTO groups (id, name, elit_id, school_id, created_at, updated_at) VALUES (198, 'klass 1b', 91492, 29, '2009-06-25 14:17:47.281361', '2009-06-25 14:17:47.281361');
INSERT INTO groups (id, name, elit_id, school_id, created_at, updated_at) VALUES (199, 'klass 2a', 60900, 29, '2009-06-25 14:17:47.28238', '2009-06-25 14:17:47.28238');
INSERT INTO groups (id, name, elit_id, school_id, created_at, updated_at) VALUES (200, 'klass 2b', 82226, 29, '2009-06-25 14:17:47.283418', '2009-06-25 14:17:47.283418');
INSERT INTO groups (id, name, elit_id, school_id, created_at, updated_at) VALUES (201, 'klass 4e', 95557, 29, '2009-06-25 14:17:47.284438', '2009-06-25 14:17:47.284438');
INSERT INTO groups (id, name, elit_id, school_id, created_at, updated_at) VALUES (202, 'klass 5c', 35815, 29, '2009-06-25 14:17:47.285547', '2009-06-25 14:17:47.285547');
INSERT INTO groups (id, name, elit_id, school_id, created_at, updated_at) VALUES (203, 'klass 6d', 45191, 29, '2009-06-25 14:17:47.286455', '2009-06-25 14:17:47.286455');
INSERT INTO groups (id, name, elit_id, school_id, created_at, updated_at) VALUES (204, 'klass 1a', 24930, 30, '2009-06-25 14:17:47.287475', '2009-06-25 14:17:47.287475');
INSERT INTO groups (id, name, elit_id, school_id, created_at, updated_at) VALUES (205, 'klass 1b', 84648, 30, '2009-06-25 14:17:47.288535', '2009-06-25 14:17:47.288535');
INSERT INTO groups (id, name, elit_id, school_id, created_at, updated_at) VALUES (206, 'klass 2a', 23358, 30, '2009-06-25 14:17:47.289621', '2009-06-25 14:17:47.289621');
INSERT INTO groups (id, name, elit_id, school_id, created_at, updated_at) VALUES (207, 'klass 2b', 89096, 30, '2009-06-25 14:17:47.29065', '2009-06-25 14:17:47.29065');
INSERT INTO groups (id, name, elit_id, school_id, created_at, updated_at) VALUES (208, 'klass 4e', 74658, 30, '2009-06-25 14:17:47.291571', '2009-06-25 14:17:47.291571');
INSERT INTO groups (id, name, elit_id, school_id, created_at, updated_at) VALUES (209, 'klass 5c', 91283, 30, '2009-06-25 14:17:47.292606', '2009-06-25 14:17:47.292606');
INSERT INTO groups (id, name, elit_id, school_id, created_at, updated_at) VALUES (210, 'klass 6d', 72577, 30, '2009-06-25 14:17:47.293617', '2009-06-25 14:17:47.293617');
INSERT INTO groups (id, name, elit_id, school_id, created_at, updated_at) VALUES (211, 'klass 1a', 37745, 31, '2009-06-25 14:17:47.295378', '2009-06-25 14:17:47.295378');
INSERT INTO groups (id, name, elit_id, school_id, created_at, updated_at) VALUES (212, 'klass 1b', 15633, 31, '2009-06-25 14:17:47.296848', '2009-06-25 14:17:47.296848');
INSERT INTO groups (id, name, elit_id, school_id, created_at, updated_at) VALUES (213, 'klass 2a', 41547, 31, '2009-06-25 14:17:47.298104', '2009-06-25 14:17:47.298104');
INSERT INTO groups (id, name, elit_id, school_id, created_at, updated_at) VALUES (214, 'klass 2b', 29088, 31, '2009-06-25 14:17:47.301754', '2009-06-25 14:17:47.301754');
INSERT INTO groups (id, name, elit_id, school_id, created_at, updated_at) VALUES (215, 'klass 4e', 31258, 31, '2009-06-25 14:17:47.303388', '2009-06-25 14:17:47.303388');
INSERT INTO groups (id, name, elit_id, school_id, created_at, updated_at) VALUES (216, 'klass 5c', 82970, 31, '2009-06-25 14:17:47.305024', '2009-06-25 14:17:47.305024');
INSERT INTO groups (id, name, elit_id, school_id, created_at, updated_at) VALUES (217, 'klass 6d', 34657, 31, '2009-06-25 14:17:47.306349', '2009-06-25 14:17:47.306349');
INSERT INTO groups (id, name, elit_id, school_id, created_at, updated_at) VALUES (218, 'klass 1a', 23794, 32, '2009-06-25 14:17:47.311796', '2009-06-25 14:17:47.311796');
INSERT INTO groups (id, name, elit_id, school_id, created_at, updated_at) VALUES (219, 'klass 1b', 84242, 32, '2009-06-25 14:17:47.312836', '2009-06-25 14:17:47.312836');
INSERT INTO groups (id, name, elit_id, school_id, created_at, updated_at) VALUES (220, 'klass 2a', 90703, 32, '2009-06-25 14:17:47.313892', '2009-06-25 14:17:47.313892');
INSERT INTO groups (id, name, elit_id, school_id, created_at, updated_at) VALUES (221, 'klass 2b', 53706, 32, '2009-06-25 14:17:47.31482', '2009-06-25 14:17:47.31482');
INSERT INTO groups (id, name, elit_id, school_id, created_at, updated_at) VALUES (222, 'klass 4e', 50073, 32, '2009-06-25 14:17:47.315873', '2009-06-25 14:17:47.315873');
INSERT INTO groups (id, name, elit_id, school_id, created_at, updated_at) VALUES (223, 'klass 5c', 47466, 32, '2009-06-25 14:17:47.316838', '2009-06-25 14:17:47.316838');
INSERT INTO groups (id, name, elit_id, school_id, created_at, updated_at) VALUES (224, 'klass 6d', 50266, 32, '2009-06-25 14:17:47.317825', '2009-06-25 14:17:47.317825');
INSERT INTO groups (id, name, elit_id, school_id, created_at, updated_at) VALUES (225, 'klass 1a', 96432, 33, '2009-06-25 14:17:47.318814', '2009-06-25 14:17:47.318814');
INSERT INTO groups (id, name, elit_id, school_id, created_at, updated_at) VALUES (226, 'klass 1b', 88237, 33, '2009-06-25 14:17:47.319812', '2009-06-25 14:17:47.319812');
INSERT INTO groups (id, name, elit_id, school_id, created_at, updated_at) VALUES (227, 'klass 2a', 32603, 33, '2009-06-25 14:17:47.320814', '2009-06-25 14:17:47.320814');
INSERT INTO groups (id, name, elit_id, school_id, created_at, updated_at) VALUES (228, 'klass 2b', 17069, 33, '2009-06-25 14:17:47.321832', '2009-06-25 14:17:47.321832');
INSERT INTO groups (id, name, elit_id, school_id, created_at, updated_at) VALUES (229, 'klass 4e', 64670, 33, '2009-06-25 14:17:47.322806', '2009-06-25 14:17:47.322806');
INSERT INTO groups (id, name, elit_id, school_id, created_at, updated_at) VALUES (230, 'klass 5c', 24452, 33, '2009-06-25 14:17:47.32381', '2009-06-25 14:17:47.32381');
INSERT INTO groups (id, name, elit_id, school_id, created_at, updated_at) VALUES (231, 'klass 6d', 66542, 33, '2009-06-25 14:17:47.324711', '2009-06-25 14:17:47.324711');
INSERT INTO groups (id, name, elit_id, school_id, created_at, updated_at) VALUES (232, 'klass 1a', 76940, 34, '2009-06-25 14:17:47.325659', '2009-06-25 14:17:47.325659');
INSERT INTO groups (id, name, elit_id, school_id, created_at, updated_at) VALUES (233, 'klass 1b', 55064, 34, '2009-06-25 14:17:47.326642', '2009-06-25 14:17:47.326642');
INSERT INTO groups (id, name, elit_id, school_id, created_at, updated_at) VALUES (234, 'klass 2a', 93440, 34, '2009-06-25 14:17:47.327646', '2009-06-25 14:17:47.327646');
INSERT INTO groups (id, name, elit_id, school_id, created_at, updated_at) VALUES (235, 'klass 2b', 51412, 34, '2009-06-25 14:17:47.328635', '2009-06-25 14:17:47.328635');
INSERT INTO groups (id, name, elit_id, school_id, created_at, updated_at) VALUES (236, 'klass 4e', 35919, 34, '2009-06-25 14:17:47.329621', '2009-06-25 14:17:47.329621');
INSERT INTO groups (id, name, elit_id, school_id, created_at, updated_at) VALUES (237, 'klass 5c', 21327, 34, '2009-06-25 14:17:47.330833', '2009-06-25 14:17:47.330833');
INSERT INTO groups (id, name, elit_id, school_id, created_at, updated_at) VALUES (238, 'klass 6d', 68624, 34, '2009-06-25 14:17:47.331808', '2009-06-25 14:17:47.331808');
INSERT INTO groups (id, name, elit_id, school_id, created_at, updated_at) VALUES (239, 'klass 1a', 95289, 35, '2009-06-25 14:17:47.332751', '2009-06-25 14:17:47.332751');
INSERT INTO groups (id, name, elit_id, school_id, created_at, updated_at) VALUES (240, 'klass 1b', 90463, 35, '2009-06-25 14:17:47.333624', '2009-06-25 14:17:47.333624');
INSERT INTO groups (id, name, elit_id, school_id, created_at, updated_at) VALUES (241, 'klass 2a', 72491, 35, '2009-06-25 14:17:47.334617', '2009-06-25 14:17:47.334617');
INSERT INTO groups (id, name, elit_id, school_id, created_at, updated_at) VALUES (242, 'klass 2b', 33363, 35, '2009-06-25 14:17:47.33563', '2009-06-25 14:17:47.33563');
INSERT INTO groups (id, name, elit_id, school_id, created_at, updated_at) VALUES (243, 'klass 4e', 48784, 35, '2009-06-25 14:17:47.33657', '2009-06-25 14:17:47.33657');
INSERT INTO groups (id, name, elit_id, school_id, created_at, updated_at) VALUES (244, 'klass 5c', 31365, 35, '2009-06-25 14:17:47.337581', '2009-06-25 14:17:47.337581');
INSERT INTO groups (id, name, elit_id, school_id, created_at, updated_at) VALUES (245, 'klass 6d', 23453, 35, '2009-06-25 14:17:47.338569', '2009-06-25 14:17:47.338569');
INSERT INTO groups (id, name, elit_id, school_id, created_at, updated_at) VALUES (246, 'klass 1a', 3106, 36, '2009-06-25 14:17:47.339557', '2009-06-25 14:17:47.339557');
INSERT INTO groups (id, name, elit_id, school_id, created_at, updated_at) VALUES (247, 'klass 1b', 20054, 36, '2009-06-25 14:17:47.340531', '2009-06-25 14:17:47.340531');
INSERT INTO groups (id, name, elit_id, school_id, created_at, updated_at) VALUES (248, 'klass 2a', 77205, 36, '2009-06-25 14:17:47.341486', '2009-06-25 14:17:47.341486');
INSERT INTO groups (id, name, elit_id, school_id, created_at, updated_at) VALUES (249, 'klass 2b', 36983, 36, '2009-06-25 14:17:47.342445', '2009-06-25 14:17:47.342445');
INSERT INTO groups (id, name, elit_id, school_id, created_at, updated_at) VALUES (250, 'klass 4e', 16178, 36, '2009-06-25 14:17:47.343512', '2009-06-25 14:17:47.343512');
INSERT INTO groups (id, name, elit_id, school_id, created_at, updated_at) VALUES (251, 'klass 5c', 43428, 36, '2009-06-25 14:17:47.344499', '2009-06-25 14:17:47.344499');
INSERT INTO groups (id, name, elit_id, school_id, created_at, updated_at) VALUES (252, 'klass 6d', 32989, 36, '2009-06-25 14:17:47.347362', '2009-06-25 14:17:47.347362');
INSERT INTO groups (id, name, elit_id, school_id, created_at, updated_at) VALUES (253, 'klass 1a', 32002, 37, '2009-06-25 14:17:47.35527', '2009-06-25 14:17:47.35527');
INSERT INTO groups (id, name, elit_id, school_id, created_at, updated_at) VALUES (254, 'klass 1b', 70895, 37, '2009-06-25 14:17:47.357266', '2009-06-25 14:17:47.357266');
INSERT INTO groups (id, name, elit_id, school_id, created_at, updated_at) VALUES (255, 'klass 2a', 82823, 37, '2009-06-25 14:17:47.358223', '2009-06-25 14:17:47.358223');
INSERT INTO groups (id, name, elit_id, school_id, created_at, updated_at) VALUES (256, 'klass 2b', 16295, 37, '2009-06-25 14:17:47.359247', '2009-06-25 14:17:47.359247');
INSERT INTO groups (id, name, elit_id, school_id, created_at, updated_at) VALUES (257, 'klass 4e', 6699, 37, '2009-06-25 14:17:47.360232', '2009-06-25 14:17:47.360232');
INSERT INTO groups (id, name, elit_id, school_id, created_at, updated_at) VALUES (258, 'klass 5c', 57951, 37, '2009-06-25 14:17:47.361248', '2009-06-25 14:17:47.361248');
INSERT INTO groups (id, name, elit_id, school_id, created_at, updated_at) VALUES (259, 'klass 6d', 82312, 37, '2009-06-25 14:17:47.362235', '2009-06-25 14:17:47.362235');
INSERT INTO groups (id, name, elit_id, school_id, created_at, updated_at) VALUES (260, 'klass 1a', 97714, 38, '2009-06-25 14:17:47.363311', '2009-06-25 14:17:47.363311');
INSERT INTO groups (id, name, elit_id, school_id, created_at, updated_at) VALUES (261, 'klass 1b', 36473, 38, '2009-06-25 14:17:47.364344', '2009-06-25 14:17:47.364344');
INSERT INTO groups (id, name, elit_id, school_id, created_at, updated_at) VALUES (262, 'klass 2a', 74491, 38, '2009-06-25 14:17:47.365343', '2009-06-25 14:17:47.365343');
INSERT INTO groups (id, name, elit_id, school_id, created_at, updated_at) VALUES (263, 'klass 2b', 43603, 38, '2009-06-25 14:17:47.366339', '2009-06-25 14:17:47.366339');
INSERT INTO groups (id, name, elit_id, school_id, created_at, updated_at) VALUES (264, 'klass 4e', 54156, 38, '2009-06-25 14:17:47.367331', '2009-06-25 14:17:47.367331');
INSERT INTO groups (id, name, elit_id, school_id, created_at, updated_at) VALUES (265, 'klass 5c', 14476, 38, '2009-06-25 14:17:47.36827', '2009-06-25 14:17:47.36827');
INSERT INTO groups (id, name, elit_id, school_id, created_at, updated_at) VALUES (266, 'klass 6d', 78620, 38, '2009-06-25 14:17:47.369271', '2009-06-25 14:17:47.369271');
INSERT INTO groups (id, name, elit_id, school_id, created_at, updated_at) VALUES (267, 'klass 1a', 33448, 39, '2009-06-25 14:17:47.370269', '2009-06-25 14:17:47.370269');
INSERT INTO groups (id, name, elit_id, school_id, created_at, updated_at) VALUES (268, 'klass 1b', 98180, 39, '2009-06-25 14:17:47.371276', '2009-06-25 14:17:47.371276');
INSERT INTO groups (id, name, elit_id, school_id, created_at, updated_at) VALUES (269, 'klass 2a', 34713, 39, '2009-06-25 14:17:47.372318', '2009-06-25 14:17:47.372318');
INSERT INTO groups (id, name, elit_id, school_id, created_at, updated_at) VALUES (270, 'klass 2b', 48915, 39, '2009-06-25 14:17:47.373298', '2009-06-25 14:17:47.373298');
INSERT INTO groups (id, name, elit_id, school_id, created_at, updated_at) VALUES (271, 'klass 4e', 77023, 39, '2009-06-25 14:17:47.374157', '2009-06-25 14:17:47.374157');
INSERT INTO groups (id, name, elit_id, school_id, created_at, updated_at) VALUES (272, 'klass 5c', 41606, 39, '2009-06-25 14:17:47.375623', '2009-06-25 14:17:47.375623');
INSERT INTO groups (id, name, elit_id, school_id, created_at, updated_at) VALUES (273, 'klass 6d', 58433, 39, '2009-06-25 14:17:47.376634', '2009-06-25 14:17:47.376634');


-- Data for Name: age_groups; Type: TABLE DATA; Schema: public; Owner: root
--

INSERT INTO age_groups (id, age, quantity, group_id, created_at, updated_at) VALUES (1, 8, 16, 1, NULL, NULL);
INSERT INTO age_groups (id, age, quantity, group_id, created_at, updated_at) VALUES (2, 8, 11, 2, NULL, NULL);
INSERT INTO age_groups (id, age, quantity, group_id, created_at, updated_at) VALUES (3, 9, 18, 3, NULL, NULL);
INSERT INTO age_groups (id, age, quantity, group_id, created_at, updated_at) VALUES (4, 9, 18, 4, NULL, NULL);
INSERT INTO age_groups (id, age, quantity, group_id, created_at, updated_at) VALUES (5, 11, 18, 5, NULL, NULL);
INSERT INTO age_groups (id, age, quantity, group_id, created_at, updated_at) VALUES (6, 12, 16, 6, NULL, NULL);
INSERT INTO age_groups (id, age, quantity, group_id, created_at, updated_at) VALUES (7, 13, 15, 7, NULL, NULL);
INSERT INTO age_groups (id, age, quantity, group_id, created_at, updated_at) VALUES (8, 8, 14, 8, NULL, NULL);
INSERT INTO age_groups (id, age, quantity, group_id, created_at, updated_at) VALUES (9, 8, 12, 9, NULL, NULL);
INSERT INTO age_groups (id, age, quantity, group_id, created_at, updated_at) VALUES (10, 9, 16, 10, NULL, NULL);
INSERT INTO age_groups (id, age, quantity, group_id, created_at, updated_at) VALUES (11, 9, 18, 11, NULL, NULL);
INSERT INTO age_groups (id, age, quantity, group_id, created_at, updated_at) VALUES (12, 11, 12, 12, NULL, NULL);
INSERT INTO age_groups (id, age, quantity, group_id, created_at, updated_at) VALUES (13, 12, 24, 13, NULL, NULL);
INSERT INTO age_groups (id, age, quantity, group_id, created_at, updated_at) VALUES (14, 13, 24, 14, NULL, NULL);
INSERT INTO age_groups (id, age, quantity, group_id, created_at, updated_at) VALUES (15, 8, 21, 15, NULL, NULL);
INSERT INTO age_groups (id, age, quantity, group_id, created_at, updated_at) VALUES (16, 8, 22, 16, NULL, NULL);
INSERT INTO age_groups (id, age, quantity, group_id, created_at, updated_at) VALUES (17, 9, 17, 17, NULL, NULL);
INSERT INTO age_groups (id, age, quantity, group_id, created_at, updated_at) VALUES (18, 9, 22, 18, NULL, NULL);
INSERT INTO age_groups (id, age, quantity, group_id, created_at, updated_at) VALUES (19, 11, 20, 19, NULL, NULL);
INSERT INTO age_groups (id, age, quantity, group_id, created_at, updated_at) VALUES (20, 12, 19, 20, NULL, NULL);
INSERT INTO age_groups (id, age, quantity, group_id, created_at, updated_at) VALUES (21, 13, 13, 21, NULL, NULL);
INSERT INTO age_groups (id, age, quantity, group_id, created_at, updated_at) VALUES (22, 8, 18, 22, NULL, NULL);
INSERT INTO age_groups (id, age, quantity, group_id, created_at, updated_at) VALUES (23, 8, 23, 23, NULL, NULL);
INSERT INTO age_groups (id, age, quantity, group_id, created_at, updated_at) VALUES (24, 9, 13, 24, NULL, NULL);
INSERT INTO age_groups (id, age, quantity, group_id, created_at, updated_at) VALUES (25, 9, 24, 25, NULL, NULL);
INSERT INTO age_groups (id, age, quantity, group_id, created_at, updated_at) VALUES (26, 11, 23, 26, NULL, NULL);
INSERT INTO age_groups (id, age, quantity, group_id, created_at, updated_at) VALUES (27, 12, 15, 27, NULL, NULL);
INSERT INTO age_groups (id, age, quantity, group_id, created_at, updated_at) VALUES (28, 13, 11, 28, NULL, NULL);
INSERT INTO age_groups (id, age, quantity, group_id, created_at, updated_at) VALUES (29, 8, 15, 29, NULL, NULL);
INSERT INTO age_groups (id, age, quantity, group_id, created_at, updated_at) VALUES (30, 8, 10, 30, NULL, NULL);
INSERT INTO age_groups (id, age, quantity, group_id, created_at, updated_at) VALUES (31, 9, 12, 31, NULL, NULL);
INSERT INTO age_groups (id, age, quantity, group_id, created_at, updated_at) VALUES (32, 9, 20, 32, NULL, NULL);
INSERT INTO age_groups (id, age, quantity, group_id, created_at, updated_at) VALUES (33, 11, 15, 33, NULL, NULL);
INSERT INTO age_groups (id, age, quantity, group_id, created_at, updated_at) VALUES (34, 12, 24, 34, NULL, NULL);
INSERT INTO age_groups (id, age, quantity, group_id, created_at, updated_at) VALUES (35, 13, 11, 35, NULL, NULL);
INSERT INTO age_groups (id, age, quantity, group_id, created_at, updated_at) VALUES (36, 8, 11, 36, NULL, NULL);
INSERT INTO age_groups (id, age, quantity, group_id, created_at, updated_at) VALUES (37, 8, 24, 37, NULL, NULL);
INSERT INTO age_groups (id, age, quantity, group_id, created_at, updated_at) VALUES (38, 9, 18, 38, NULL, NULL);
INSERT INTO age_groups (id, age, quantity, group_id, created_at, updated_at) VALUES (39, 9, 14, 39, NULL, NULL);
INSERT INTO age_groups (id, age, quantity, group_id, created_at, updated_at) VALUES (40, 11, 17, 40, NULL, NULL);
INSERT INTO age_groups (id, age, quantity, group_id, created_at, updated_at) VALUES (41, 12, 10, 41, NULL, NULL);
INSERT INTO age_groups (id, age, quantity, group_id, created_at, updated_at) VALUES (42, 13, 24, 42, NULL, NULL);
INSERT INTO age_groups (id, age, quantity, group_id, created_at, updated_at) VALUES (43, 8, 15, 43, NULL, NULL);
INSERT INTO age_groups (id, age, quantity, group_id, created_at, updated_at) VALUES (44, 8, 18, 44, NULL, NULL);
INSERT INTO age_groups (id, age, quantity, group_id, created_at, updated_at) VALUES (45, 9, 12, 45, NULL, NULL);
INSERT INTO age_groups (id, age, quantity, group_id, created_at, updated_at) VALUES (46, 9, 14, 46, NULL, NULL);
INSERT INTO age_groups (id, age, quantity, group_id, created_at, updated_at) VALUES (47, 11, 18, 47, NULL, NULL);
INSERT INTO age_groups (id, age, quantity, group_id, created_at, updated_at) VALUES (48, 12, 13, 48, NULL, NULL);
INSERT INTO age_groups (id, age, quantity, group_id, created_at, updated_at) VALUES (49, 13, 21, 49, NULL, NULL);
INSERT INTO age_groups (id, age, quantity, group_id, created_at, updated_at) VALUES (50, 8, 16, 50, NULL, NULL);
INSERT INTO age_groups (id, age, quantity, group_id, created_at, updated_at) VALUES (51, 8, 11, 51, NULL, NULL);
INSERT INTO age_groups (id, age, quantity, group_id, created_at, updated_at) VALUES (52, 9, 16, 52, NULL, NULL);
INSERT INTO age_groups (id, age, quantity, group_id, created_at, updated_at) VALUES (53, 9, 13, 53, NULL, NULL);
INSERT INTO age_groups (id, age, quantity, group_id, created_at, updated_at) VALUES (54, 11, 18, 54, NULL, NULL);
INSERT INTO age_groups (id, age, quantity, group_id, created_at, updated_at) VALUES (55, 12, 24, 55, NULL, NULL);
INSERT INTO age_groups (id, age, quantity, group_id, created_at, updated_at) VALUES (56, 13, 17, 56, NULL, NULL);
INSERT INTO age_groups (id, age, quantity, group_id, created_at, updated_at) VALUES (57, 8, 10, 57, NULL, NULL);
INSERT INTO age_groups (id, age, quantity, group_id, created_at, updated_at) VALUES (58, 8, 13, 58, NULL, NULL);
INSERT INTO age_groups (id, age, quantity, group_id, created_at, updated_at) VALUES (59, 9, 11, 59, NULL, NULL);
INSERT INTO age_groups (id, age, quantity, group_id, created_at, updated_at) VALUES (60, 9, 22, 60, NULL, NULL);
INSERT INTO age_groups (id, age, quantity, group_id, created_at, updated_at) VALUES (61, 11, 14, 61, NULL, NULL);
INSERT INTO age_groups (id, age, quantity, group_id, created_at, updated_at) VALUES (62, 12, 24, 62, NULL, NULL);
INSERT INTO age_groups (id, age, quantity, group_id, created_at, updated_at) VALUES (63, 13, 10, 63, NULL, NULL);
INSERT INTO age_groups (id, age, quantity, group_id, created_at, updated_at) VALUES (64, 8, 15, 64, NULL, NULL);
INSERT INTO age_groups (id, age, quantity, group_id, created_at, updated_at) VALUES (65, 8, 17, 65, NULL, NULL);
INSERT INTO age_groups (id, age, quantity, group_id, created_at, updated_at) VALUES (66, 9, 24, 66, NULL, NULL);
INSERT INTO age_groups (id, age, quantity, group_id, created_at, updated_at) VALUES (67, 9, 13, 67, NULL, NULL);
INSERT INTO age_groups (id, age, quantity, group_id, created_at, updated_at) VALUES (68, 11, 24, 68, NULL, NULL);
INSERT INTO age_groups (id, age, quantity, group_id, created_at, updated_at) VALUES (69, 12, 12, 69, NULL, NULL);
INSERT INTO age_groups (id, age, quantity, group_id, created_at, updated_at) VALUES (70, 13, 13, 70, NULL, NULL);
INSERT INTO age_groups (id, age, quantity, group_id, created_at, updated_at) VALUES (71, 8, 23, 71, NULL, NULL);
INSERT INTO age_groups (id, age, quantity, group_id, created_at, updated_at) VALUES (72, 8, 15, 72, NULL, NULL);
INSERT INTO age_groups (id, age, quantity, group_id, created_at, updated_at) VALUES (73, 9, 11, 73, NULL, NULL);
INSERT INTO age_groups (id, age, quantity, group_id, created_at, updated_at) VALUES (74, 9, 24, 74, NULL, NULL);
INSERT INTO age_groups (id, age, quantity, group_id, created_at, updated_at) VALUES (75, 11, 18, 75, NULL, NULL);
INSERT INTO age_groups (id, age, quantity, group_id, created_at, updated_at) VALUES (76, 12, 21, 76, NULL, NULL);
INSERT INTO age_groups (id, age, quantity, group_id, created_at, updated_at) VALUES (77, 13, 20, 77, NULL, NULL);
INSERT INTO age_groups (id, age, quantity, group_id, created_at, updated_at) VALUES (78, 8, 22, 78, NULL, NULL);
INSERT INTO age_groups (id, age, quantity, group_id, created_at, updated_at) VALUES (79, 8, 20, 79, NULL, NULL);
INSERT INTO age_groups (id, age, quantity, group_id, created_at, updated_at) VALUES (80, 9, 18, 80, NULL, NULL);
INSERT INTO age_groups (id, age, quantity, group_id, created_at, updated_at) VALUES (81, 9, 13, 81, NULL, NULL);
INSERT INTO age_groups (id, age, quantity, group_id, created_at, updated_at) VALUES (82, 11, 12, 82, NULL, NULL);
INSERT INTO age_groups (id, age, quantity, group_id, created_at, updated_at) VALUES (83, 12, 14, 83, NULL, NULL);
INSERT INTO age_groups (id, age, quantity, group_id, created_at, updated_at) VALUES (84, 13, 14, 84, NULL, NULL);
INSERT INTO age_groups (id, age, quantity, group_id, created_at, updated_at) VALUES (85, 8, 11, 85, NULL, NULL);
INSERT INTO age_groups (id, age, quantity, group_id, created_at, updated_at) VALUES (86, 8, 18, 86, NULL, NULL);
INSERT INTO age_groups (id, age, quantity, group_id, created_at, updated_at) VALUES (87, 9, 16, 87, NULL, NULL);
INSERT INTO age_groups (id, age, quantity, group_id, created_at, updated_at) VALUES (88, 9, 22, 88, NULL, NULL);
INSERT INTO age_groups (id, age, quantity, group_id, created_at, updated_at) VALUES (89, 11, 18, 89, NULL, NULL);
INSERT INTO age_groups (id, age, quantity, group_id, created_at, updated_at) VALUES (90, 12, 12, 90, NULL, NULL);
INSERT INTO age_groups (id, age, quantity, group_id, created_at, updated_at) VALUES (91, 13, 15, 91, NULL, NULL);
INSERT INTO age_groups (id, age, quantity, group_id, created_at, updated_at) VALUES (92, 8, 20, 92, NULL, NULL);
INSERT INTO age_groups (id, age, quantity, group_id, created_at, updated_at) VALUES (93, 8, 21, 93, NULL, NULL);
INSERT INTO age_groups (id, age, quantity, group_id, created_at, updated_at) VALUES (94, 9, 20, 94, NULL, NULL);
INSERT INTO age_groups (id, age, quantity, group_id, created_at, updated_at) VALUES (95, 9, 19, 95, NULL, NULL);
INSERT INTO age_groups (id, age, quantity, group_id, created_at, updated_at) VALUES (96, 11, 19, 96, NULL, NULL);
INSERT INTO age_groups (id, age, quantity, group_id, created_at, updated_at) VALUES (97, 12, 11, 97, NULL, NULL);
INSERT INTO age_groups (id, age, quantity, group_id, created_at, updated_at) VALUES (98, 13, 21, 98, NULL, NULL);
INSERT INTO age_groups (id, age, quantity, group_id, created_at, updated_at) VALUES (99, 8, 17, 99, NULL, NULL);
INSERT INTO age_groups (id, age, quantity, group_id, created_at, updated_at) VALUES (100, 8, 12, 100, NULL, NULL);
INSERT INTO age_groups (id, age, quantity, group_id, created_at, updated_at) VALUES (101, 9, 17, 101, NULL, NULL);
INSERT INTO age_groups (id, age, quantity, group_id, created_at, updated_at) VALUES (102, 9, 21, 102, NULL, NULL);
INSERT INTO age_groups (id, age, quantity, group_id, created_at, updated_at) VALUES (103, 11, 23, 103, NULL, NULL);
INSERT INTO age_groups (id, age, quantity, group_id, created_at, updated_at) VALUES (104, 12, 16, 104, NULL, NULL);
INSERT INTO age_groups (id, age, quantity, group_id, created_at, updated_at) VALUES (105, 13, 14, 105, NULL, NULL);
INSERT INTO age_groups (id, age, quantity, group_id, created_at, updated_at) VALUES (106, 8, 21, 106, NULL, NULL);
INSERT INTO age_groups (id, age, quantity, group_id, created_at, updated_at) VALUES (107, 8, 19, 107, NULL, NULL);
INSERT INTO age_groups (id, age, quantity, group_id, created_at, updated_at) VALUES (108, 9, 12, 108, NULL, NULL);
INSERT INTO age_groups (id, age, quantity, group_id, created_at, updated_at) VALUES (109, 9, 13, 109, NULL, NULL);
INSERT INTO age_groups (id, age, quantity, group_id, created_at, updated_at) VALUES (110, 11, 19, 110, NULL, NULL);
INSERT INTO age_groups (id, age, quantity, group_id, created_at, updated_at) VALUES (111, 12, 16, 111, NULL, NULL);
INSERT INTO age_groups (id, age, quantity, group_id, created_at, updated_at) VALUES (112, 13, 24, 112, NULL, NULL);
INSERT INTO age_groups (id, age, quantity, group_id, created_at, updated_at) VALUES (113, 8, 22, 113, NULL, NULL);
INSERT INTO age_groups (id, age, quantity, group_id, created_at, updated_at) VALUES (114, 8, 18, 114, NULL, NULL);
INSERT INTO age_groups (id, age, quantity, group_id, created_at, updated_at) VALUES (115, 9, 22, 115, NULL, NULL);
INSERT INTO age_groups (id, age, quantity, group_id, created_at, updated_at) VALUES (116, 9, 13, 116, NULL, NULL);
INSERT INTO age_groups (id, age, quantity, group_id, created_at, updated_at) VALUES (117, 11, 13, 117, NULL, NULL);
INSERT INTO age_groups (id, age, quantity, group_id, created_at, updated_at) VALUES (118, 12, 18, 118, NULL, NULL);
INSERT INTO age_groups (id, age, quantity, group_id, created_at, updated_at) VALUES (119, 13, 18, 119, NULL, NULL);
INSERT INTO age_groups (id, age, quantity, group_id, created_at, updated_at) VALUES (120, 8, 24, 120, NULL, NULL);
INSERT INTO age_groups (id, age, quantity, group_id, created_at, updated_at) VALUES (121, 8, 14, 121, NULL, NULL);
INSERT INTO age_groups (id, age, quantity, group_id, created_at, updated_at) VALUES (122, 9, 21, 122, NULL, NULL);
INSERT INTO age_groups (id, age, quantity, group_id, created_at, updated_at) VALUES (123, 9, 10, 123, NULL, NULL);
INSERT INTO age_groups (id, age, quantity, group_id, created_at, updated_at) VALUES (124, 11, 10, 124, NULL, NULL);
INSERT INTO age_groups (id, age, quantity, group_id, created_at, updated_at) VALUES (125, 12, 22, 125, NULL, NULL);
INSERT INTO age_groups (id, age, quantity, group_id, created_at, updated_at) VALUES (126, 13, 15, 126, NULL, NULL);
INSERT INTO age_groups (id, age, quantity, group_id, created_at, updated_at) VALUES (127, 8, 16, 127, NULL, NULL);
INSERT INTO age_groups (id, age, quantity, group_id, created_at, updated_at) VALUES (128, 8, 10, 128, NULL, NULL);
INSERT INTO age_groups (id, age, quantity, group_id, created_at, updated_at) VALUES (129, 9, 13, 129, NULL, NULL);
INSERT INTO age_groups (id, age, quantity, group_id, created_at, updated_at) VALUES (130, 9, 20, 130, NULL, NULL);
INSERT INTO age_groups (id, age, quantity, group_id, created_at, updated_at) VALUES (131, 11, 24, 131, NULL, NULL);
INSERT INTO age_groups (id, age, quantity, group_id, created_at, updated_at) VALUES (132, 12, 23, 132, NULL, NULL);
INSERT INTO age_groups (id, age, quantity, group_id, created_at, updated_at) VALUES (133, 13, 24, 133, NULL, NULL);
INSERT INTO age_groups (id, age, quantity, group_id, created_at, updated_at) VALUES (134, 8, 24, 134, NULL, NULL);
INSERT INTO age_groups (id, age, quantity, group_id, created_at, updated_at) VALUES (135, 8, 20, 135, NULL, NULL);
INSERT INTO age_groups (id, age, quantity, group_id, created_at, updated_at) VALUES (136, 9, 18, 136, NULL, NULL);
INSERT INTO age_groups (id, age, quantity, group_id, created_at, updated_at) VALUES (137, 9, 22, 137, NULL, NULL);
INSERT INTO age_groups (id, age, quantity, group_id, created_at, updated_at) VALUES (138, 11, 18, 138, NULL, NULL);
INSERT INTO age_groups (id, age, quantity, group_id, created_at, updated_at) VALUES (139, 12, 24, 139, NULL, NULL);
INSERT INTO age_groups (id, age, quantity, group_id, created_at, updated_at) VALUES (140, 13, 13, 140, NULL, NULL);
INSERT INTO age_groups (id, age, quantity, group_id, created_at, updated_at) VALUES (141, 8, 12, 141, NULL, NULL);
INSERT INTO age_groups (id, age, quantity, group_id, created_at, updated_at) VALUES (142, 8, 12, 142, NULL, NULL);
INSERT INTO age_groups (id, age, quantity, group_id, created_at, updated_at) VALUES (143, 9, 11, 143, NULL, NULL);
INSERT INTO age_groups (id, age, quantity, group_id, created_at, updated_at) VALUES (144, 9, 11, 144, NULL, NULL);
INSERT INTO age_groups (id, age, quantity, group_id, created_at, updated_at) VALUES (145, 11, 14, 145, NULL, NULL);
INSERT INTO age_groups (id, age, quantity, group_id, created_at, updated_at) VALUES (146, 12, 22, 146, NULL, NULL);
INSERT INTO age_groups (id, age, quantity, group_id, created_at, updated_at) VALUES (147, 13, 14, 147, NULL, NULL);
INSERT INTO age_groups (id, age, quantity, group_id, created_at, updated_at) VALUES (148, 8, 21, 148, NULL, NULL);
INSERT INTO age_groups (id, age, quantity, group_id, created_at, updated_at) VALUES (149, 8, 15, 149, NULL, NULL);
INSERT INTO age_groups (id, age, quantity, group_id, created_at, updated_at) VALUES (150, 9, 14, 150, NULL, NULL);
INSERT INTO age_groups (id, age, quantity, group_id, created_at, updated_at) VALUES (151, 9, 13, 151, NULL, NULL);
INSERT INTO age_groups (id, age, quantity, group_id, created_at, updated_at) VALUES (152, 11, 13, 152, NULL, NULL);
INSERT INTO age_groups (id, age, quantity, group_id, created_at, updated_at) VALUES (153, 12, 16, 153, NULL, NULL);
INSERT INTO age_groups (id, age, quantity, group_id, created_at, updated_at) VALUES (154, 13, 15, 154, NULL, NULL);
INSERT INTO age_groups (id, age, quantity, group_id, created_at, updated_at) VALUES (155, 8, 17, 155, NULL, NULL);
INSERT INTO age_groups (id, age, quantity, group_id, created_at, updated_at) VALUES (156, 8, 21, 156, NULL, NULL);
INSERT INTO age_groups (id, age, quantity, group_id, created_at, updated_at) VALUES (157, 9, 19, 157, NULL, NULL);
INSERT INTO age_groups (id, age, quantity, group_id, created_at, updated_at) VALUES (158, 9, 17, 158, NULL, NULL);
INSERT INTO age_groups (id, age, quantity, group_id, created_at, updated_at) VALUES (159, 11, 23, 159, NULL, NULL);
INSERT INTO age_groups (id, age, quantity, group_id, created_at, updated_at) VALUES (160, 12, 12, 160, NULL, NULL);
INSERT INTO age_groups (id, age, quantity, group_id, created_at, updated_at) VALUES (161, 13, 18, 161, NULL, NULL);
INSERT INTO age_groups (id, age, quantity, group_id, created_at, updated_at) VALUES (162, 8, 15, 162, NULL, NULL);
INSERT INTO age_groups (id, age, quantity, group_id, created_at, updated_at) VALUES (163, 8, 19, 163, NULL, NULL);
INSERT INTO age_groups (id, age, quantity, group_id, created_at, updated_at) VALUES (164, 9, 17, 164, NULL, NULL);
INSERT INTO age_groups (id, age, quantity, group_id, created_at, updated_at) VALUES (165, 9, 14, 165, NULL, NULL);
INSERT INTO age_groups (id, age, quantity, group_id, created_at, updated_at) VALUES (166, 11, 19, 166, NULL, NULL);
INSERT INTO age_groups (id, age, quantity, group_id, created_at, updated_at) VALUES (167, 12, 17, 167, NULL, NULL);
INSERT INTO age_groups (id, age, quantity, group_id, created_at, updated_at) VALUES (168, 13, 23, 168, NULL, NULL);
INSERT INTO age_groups (id, age, quantity, group_id, created_at, updated_at) VALUES (169, 8, 24, 169, NULL, NULL);
INSERT INTO age_groups (id, age, quantity, group_id, created_at, updated_at) VALUES (170, 8, 24, 170, NULL, NULL);
INSERT INTO age_groups (id, age, quantity, group_id, created_at, updated_at) VALUES (171, 9, 11, 171, NULL, NULL);
INSERT INTO age_groups (id, age, quantity, group_id, created_at, updated_at) VALUES (172, 9, 17, 172, NULL, NULL);
INSERT INTO age_groups (id, age, quantity, group_id, created_at, updated_at) VALUES (173, 11, 11, 173, NULL, NULL);
INSERT INTO age_groups (id, age, quantity, group_id, created_at, updated_at) VALUES (174, 12, 18, 174, NULL, NULL);
INSERT INTO age_groups (id, age, quantity, group_id, created_at, updated_at) VALUES (175, 13, 22, 175, NULL, NULL);
INSERT INTO age_groups (id, age, quantity, group_id, created_at, updated_at) VALUES (176, 8, 12, 176, NULL, NULL);
INSERT INTO age_groups (id, age, quantity, group_id, created_at, updated_at) VALUES (177, 8, 21, 177, NULL, NULL);
INSERT INTO age_groups (id, age, quantity, group_id, created_at, updated_at) VALUES (178, 9, 14, 178, NULL, NULL);
INSERT INTO age_groups (id, age, quantity, group_id, created_at, updated_at) VALUES (179, 9, 11, 179, NULL, NULL);
INSERT INTO age_groups (id, age, quantity, group_id, created_at, updated_at) VALUES (180, 11, 23, 180, NULL, NULL);
INSERT INTO age_groups (id, age, quantity, group_id, created_at, updated_at) VALUES (181, 12, 13, 181, NULL, NULL);
INSERT INTO age_groups (id, age, quantity, group_id, created_at, updated_at) VALUES (182, 13, 24, 182, NULL, NULL);
INSERT INTO age_groups (id, age, quantity, group_id, created_at, updated_at) VALUES (183, 8, 11, 183, NULL, NULL);
INSERT INTO age_groups (id, age, quantity, group_id, created_at, updated_at) VALUES (184, 8, 16, 184, NULL, NULL);
INSERT INTO age_groups (id, age, quantity, group_id, created_at, updated_at) VALUES (185, 9, 12, 185, NULL, NULL);
INSERT INTO age_groups (id, age, quantity, group_id, created_at, updated_at) VALUES (186, 9, 24, 186, NULL, NULL);
INSERT INTO age_groups (id, age, quantity, group_id, created_at, updated_at) VALUES (187, 11, 12, 187, NULL, NULL);
INSERT INTO age_groups (id, age, quantity, group_id, created_at, updated_at) VALUES (188, 12, 21, 188, NULL, NULL);
INSERT INTO age_groups (id, age, quantity, group_id, created_at, updated_at) VALUES (189, 13, 15, 189, NULL, NULL);
INSERT INTO age_groups (id, age, quantity, group_id, created_at, updated_at) VALUES (190, 8, 18, 190, NULL, NULL);
INSERT INTO age_groups (id, age, quantity, group_id, created_at, updated_at) VALUES (191, 8, 18, 191, NULL, NULL);
INSERT INTO age_groups (id, age, quantity, group_id, created_at, updated_at) VALUES (192, 9, 20, 192, NULL, NULL);
INSERT INTO age_groups (id, age, quantity, group_id, created_at, updated_at) VALUES (193, 9, 13, 193, NULL, NULL);
INSERT INTO age_groups (id, age, quantity, group_id, created_at, updated_at) VALUES (194, 11, 22, 194, NULL, NULL);
INSERT INTO age_groups (id, age, quantity, group_id, created_at, updated_at) VALUES (195, 12, 18, 195, NULL, NULL);
INSERT INTO age_groups (id, age, quantity, group_id, created_at, updated_at) VALUES (196, 13, 24, 196, NULL, NULL);
INSERT INTO age_groups (id, age, quantity, group_id, created_at, updated_at) VALUES (197, 8, 15, 197, NULL, NULL);
INSERT INTO age_groups (id, age, quantity, group_id, created_at, updated_at) VALUES (198, 8, 10, 198, NULL, NULL);
INSERT INTO age_groups (id, age, quantity, group_id, created_at, updated_at) VALUES (199, 9, 23, 199, NULL, NULL);
INSERT INTO age_groups (id, age, quantity, group_id, created_at, updated_at) VALUES (200, 9, 24, 200, NULL, NULL);
INSERT INTO age_groups (id, age, quantity, group_id, created_at, updated_at) VALUES (201, 11, 24, 201, NULL, NULL);
INSERT INTO age_groups (id, age, quantity, group_id, created_at, updated_at) VALUES (202, 12, 21, 202, NULL, NULL);
INSERT INTO age_groups (id, age, quantity, group_id, created_at, updated_at) VALUES (203, 13, 20, 203, NULL, NULL);
INSERT INTO age_groups (id, age, quantity, group_id, created_at, updated_at) VALUES (204, 8, 23, 204, NULL, NULL);
INSERT INTO age_groups (id, age, quantity, group_id, created_at, updated_at) VALUES (205, 8, 22, 205, NULL, NULL);
INSERT INTO age_groups (id, age, quantity, group_id, created_at, updated_at) VALUES (206, 9, 14, 206, NULL, NULL);
INSERT INTO age_groups (id, age, quantity, group_id, created_at, updated_at) VALUES (207, 9, 20, 207, NULL, NULL);
INSERT INTO age_groups (id, age, quantity, group_id, created_at, updated_at) VALUES (208, 11, 20, 208, NULL, NULL);
INSERT INTO age_groups (id, age, quantity, group_id, created_at, updated_at) VALUES (209, 12, 21, 209, NULL, NULL);
INSERT INTO age_groups (id, age, quantity, group_id, created_at, updated_at) VALUES (210, 13, 19, 210, NULL, NULL);
INSERT INTO age_groups (id, age, quantity, group_id, created_at, updated_at) VALUES (211, 8, 24, 211, NULL, NULL);
INSERT INTO age_groups (id, age, quantity, group_id, created_at, updated_at) VALUES (212, 8, 14, 212, NULL, NULL);
INSERT INTO age_groups (id, age, quantity, group_id, created_at, updated_at) VALUES (213, 9, 22, 213, NULL, NULL);
INSERT INTO age_groups (id, age, quantity, group_id, created_at, updated_at) VALUES (214, 9, 24, 214, NULL, NULL);
INSERT INTO age_groups (id, age, quantity, group_id, created_at, updated_at) VALUES (215, 11, 12, 215, NULL, NULL);
INSERT INTO age_groups (id, age, quantity, group_id, created_at, updated_at) VALUES (216, 12, 10, 216, NULL, NULL);
INSERT INTO age_groups (id, age, quantity, group_id, created_at, updated_at) VALUES (217, 13, 16, 217, NULL, NULL);
INSERT INTO age_groups (id, age, quantity, group_id, created_at, updated_at) VALUES (218, 8, 17, 218, NULL, NULL);
INSERT INTO age_groups (id, age, quantity, group_id, created_at, updated_at) VALUES (219, 8, 22, 219, NULL, NULL);
INSERT INTO age_groups (id, age, quantity, group_id, created_at, updated_at) VALUES (220, 9, 20, 220, NULL, NULL);
INSERT INTO age_groups (id, age, quantity, group_id, created_at, updated_at) VALUES (221, 9, 14, 221, NULL, NULL);
INSERT INTO age_groups (id, age, quantity, group_id, created_at, updated_at) VALUES (222, 11, 24, 222, NULL, NULL);
INSERT INTO age_groups (id, age, quantity, group_id, created_at, updated_at) VALUES (223, 12, 20, 223, NULL, NULL);
INSERT INTO age_groups (id, age, quantity, group_id, created_at, updated_at) VALUES (224, 13, 10, 224, NULL, NULL);
INSERT INTO age_groups (id, age, quantity, group_id, created_at, updated_at) VALUES (225, 8, 19, 225, NULL, NULL);
INSERT INTO age_groups (id, age, quantity, group_id, created_at, updated_at) VALUES (226, 8, 14, 226, NULL, NULL);
INSERT INTO age_groups (id, age, quantity, group_id, created_at, updated_at) VALUES (227, 9, 22, 227, NULL, NULL);
INSERT INTO age_groups (id, age, quantity, group_id, created_at, updated_at) VALUES (228, 9, 10, 228, NULL, NULL);
INSERT INTO age_groups (id, age, quantity, group_id, created_at, updated_at) VALUES (229, 11, 10, 229, NULL, NULL);
INSERT INTO age_groups (id, age, quantity, group_id, created_at, updated_at) VALUES (230, 12, 21, 230, NULL, NULL);
INSERT INTO age_groups (id, age, quantity, group_id, created_at, updated_at) VALUES (231, 13, 11, 231, NULL, NULL);
INSERT INTO age_groups (id, age, quantity, group_id, created_at, updated_at) VALUES (232, 8, 13, 232, NULL, NULL);
INSERT INTO age_groups (id, age, quantity, group_id, created_at, updated_at) VALUES (233, 8, 15, 233, NULL, NULL);
INSERT INTO age_groups (id, age, quantity, group_id, created_at, updated_at) VALUES (234, 9, 19, 234, NULL, NULL);
INSERT INTO age_groups (id, age, quantity, group_id, created_at, updated_at) VALUES (235, 9, 16, 235, NULL, NULL);
INSERT INTO age_groups (id, age, quantity, group_id, created_at, updated_at) VALUES (236, 11, 17, 236, NULL, NULL);
INSERT INTO age_groups (id, age, quantity, group_id, created_at, updated_at) VALUES (237, 12, 17, 237, NULL, NULL);
INSERT INTO age_groups (id, age, quantity, group_id, created_at, updated_at) VALUES (238, 13, 15, 238, NULL, NULL);
INSERT INTO age_groups (id, age, quantity, group_id, created_at, updated_at) VALUES (239, 8, 12, 239, NULL, NULL);
INSERT INTO age_groups (id, age, quantity, group_id, created_at, updated_at) VALUES (240, 8, 21, 240, NULL, NULL);
INSERT INTO age_groups (id, age, quantity, group_id, created_at, updated_at) VALUES (241, 9, 16, 241, NULL, NULL);
INSERT INTO age_groups (id, age, quantity, group_id, created_at, updated_at) VALUES (242, 9, 14, 242, NULL, NULL);
INSERT INTO age_groups (id, age, quantity, group_id, created_at, updated_at) VALUES (243, 11, 11, 243, NULL, NULL);
INSERT INTO age_groups (id, age, quantity, group_id, created_at, updated_at) VALUES (244, 12, 11, 244, NULL, NULL);
INSERT INTO age_groups (id, age, quantity, group_id, created_at, updated_at) VALUES (245, 13, 16, 245, NULL, NULL);
INSERT INTO age_groups (id, age, quantity, group_id, created_at, updated_at) VALUES (246, 8, 12, 246, NULL, NULL);
INSERT INTO age_groups (id, age, quantity, group_id, created_at, updated_at) VALUES (247, 8, 21, 247, NULL, NULL);
INSERT INTO age_groups (id, age, quantity, group_id, created_at, updated_at) VALUES (248, 9, 14, 248, NULL, NULL);
INSERT INTO age_groups (id, age, quantity, group_id, created_at, updated_at) VALUES (249, 9, 15, 249, NULL, NULL);
INSERT INTO age_groups (id, age, quantity, group_id, created_at, updated_at) VALUES (250, 11, 18, 250, NULL, NULL);
INSERT INTO age_groups (id, age, quantity, group_id, created_at, updated_at) VALUES (251, 12, 12, 251, NULL, NULL);
INSERT INTO age_groups (id, age, quantity, group_id, created_at, updated_at) VALUES (252, 13, 14, 252, NULL, NULL);
INSERT INTO age_groups (id, age, quantity, group_id, created_at, updated_at) VALUES (253, 8, 16, 253, NULL, NULL);
INSERT INTO age_groups (id, age, quantity, group_id, created_at, updated_at) VALUES (254, 8, 20, 254, NULL, NULL);
INSERT INTO age_groups (id, age, quantity, group_id, created_at, updated_at) VALUES (255, 9, 18, 255, NULL, NULL);
INSERT INTO age_groups (id, age, quantity, group_id, created_at, updated_at) VALUES (256, 9, 18, 256, NULL, NULL);
INSERT INTO age_groups (id, age, quantity, group_id, created_at, updated_at) VALUES (257, 11, 10, 257, NULL, NULL);
INSERT INTO age_groups (id, age, quantity, group_id, created_at, updated_at) VALUES (258, 12, 23, 258, NULL, NULL);
INSERT INTO age_groups (id, age, quantity, group_id, created_at, updated_at) VALUES (259, 13, 22, 259, NULL, NULL);
INSERT INTO age_groups (id, age, quantity, group_id, created_at, updated_at) VALUES (260, 8, 21, 260, NULL, NULL);
INSERT INTO age_groups (id, age, quantity, group_id, created_at, updated_at) VALUES (261, 8, 13, 261, NULL, NULL);
INSERT INTO age_groups (id, age, quantity, group_id, created_at, updated_at) VALUES (262, 9, 20, 262, NULL, NULL);
INSERT INTO age_groups (id, age, quantity, group_id, created_at, updated_at) VALUES (263, 9, 13, 263, NULL, NULL);
INSERT INTO age_groups (id, age, quantity, group_id, created_at, updated_at) VALUES (264, 11, 17, 264, NULL, NULL);
INSERT INTO age_groups (id, age, quantity, group_id, created_at, updated_at) VALUES (265, 12, 16, 265, NULL, NULL);
INSERT INTO age_groups (id, age, quantity, group_id, created_at, updated_at) VALUES (266, 13, 12, 266, NULL, NULL);
INSERT INTO age_groups (id, age, quantity, group_id, created_at, updated_at) VALUES (267, 8, 14, 267, NULL, NULL);
INSERT INTO age_groups (id, age, quantity, group_id, created_at, updated_at) VALUES (268, 8, 13, 268, NULL, NULL);
INSERT INTO age_groups (id, age, quantity, group_id, created_at, updated_at) VALUES (269, 9, 18, 269, NULL, NULL);
INSERT INTO age_groups (id, age, quantity, group_id, created_at, updated_at) VALUES (270, 9, 19, 270, NULL, NULL);
INSERT INTO age_groups (id, age, quantity, group_id, created_at, updated_at) VALUES (271, 11, 11, 271, NULL, NULL);
INSERT INTO age_groups (id, age, quantity, group_id, created_at, updated_at) VALUES (272, 12, 18, 272, NULL, NULL);
INSERT INTO age_groups (id, age, quantity, group_id, created_at, updated_at) VALUES (273, 13, 18, 273, NULL, NULL);


--
-- Data for Name: answer_forms; Type: TABLE DATA; Schema: public; Owner: root
--

INSERT INTO answer_forms (id, completed, companion_id, occasion_id, group_id, questionaire_id, created_at, updated_at) VALUES ('fli0xFdCUVCw1SRQVTIgIKTf5J0TBdywBIIPFUMNBR8eC', true, 1, 1, 1, 1, '2009-06-25 13:00:47.155757', '2009-06-25 13:10:40.303195');


--
-- Data for Name: answers; Type: TABLE DATA; Schema: public; Owner: root
--

INSERT INTO answers (id, question_id, answer, answer_text, answer_form_id, created_at, updated_at) VALUES (1, 1, NULL, '3', 'fli0xFdCUVCw1SRQVTIgIKTf5J0TBdywBIIPFUMNBR8eC', '2009-06-25 13:10:40.175182', '2009-06-25 13:10:40.175182');
INSERT INTO answers (id, question_id, answer, answer_text, answer_form_id, created_at, updated_at) VALUES (2, 2, NULL, 'y', 'fli0xFdCUVCw1SRQVTIgIKTf5J0TBdywBIIPFUMNBR8eC', '2009-06-25 13:10:40.233718', '2009-06-25 13:10:40.233718');
INSERT INTO answers (id, question_id, answer, answer_text, answer_form_id, created_at, updated_at) VALUES (3, 3, NULL, E'--- !map:HashWithIndifferentAccess 
"sp\\xC3\\xA4nnande": "sp\\xC3\\xA4nnande"
intressant: intressant
', 'fli0xFdCUVCw1SRQVTIgIKTf5J0TBdywBIIPFUMNBR8eC', '2009-06-25 13:10:40.26904', '2009-06-25 13:10:40.26904');


--
--
-- Data for Name: category_groups; Type: TABLE DATA; Schema: public; Owner: root
--

INSERT INTO category_groups (id, name, created_at, updated_at) VALUES (1, 'Skolämne', '2009-06-25 12:09:05.438528', '2009-06-25 12:09:05.438528');
INSERT INTO category_groups (id, name, created_at, updated_at) VALUES (2, 'Kulturtyp', '2009-06-25 12:09:15.983414', '2009-06-25 12:09:15.983414');


-- Data for Name: categories; Type: TABLE DATA; Schema: public; Owner: root
--

INSERT INTO categories (id, category_group_id, name, created_at, updated_at) VALUES (1, 1, 'Svenska', '2009-06-25 12:09:27.12134', '2009-06-25 12:09:27.12134');
INSERT INTO categories (id, category_group_id, name, created_at, updated_at) VALUES (2, 1, 'Historia', '2009-06-25 12:09:33.816898', '2009-06-25 12:09:33.816898');
INSERT INTO categories (id, category_group_id, name, created_at, updated_at) VALUES (3, 1, 'Naturvetenskap', '2009-06-25 12:09:42.255597', '2009-06-25 12:09:42.255597');
INSERT INTO categories (id, category_group_id, name, created_at, updated_at) VALUES (4, 2, 'Teater', '2009-06-25 12:09:58.512308', '2009-06-25 12:09:58.512308');
INSERT INTO categories (id, category_group_id, name, created_at, updated_at) VALUES (5, 2, 'Museum/utställning', '2009-06-25 12:10:23.328596', '2009-06-25 12:10:23.328596');
INSERT INTO categories (id, category_group_id, name, created_at, updated_at) VALUES (6, 2, 'Konst/design', '2009-06-25 12:10:34.229153', '2009-06-25 12:10:34.229153');


--
-- Data for Name: companions; Type: TABLE DATA; Schema: public; Owner: root
--

INSERT INTO companions (id, tel_nr, email, name, created_at, updated_at) VALUES (1, '+123-123-123', 'ove.jobring@mgmt.gu.se', 'Ove Jobring', '2009-06-25 13:00:46.973121', '2009-06-25 13:00:46.973121');


--
-- Data for Name: culture_providers; Type: TABLE DATA; Schema: public; Owner: root
--

INSERT INTO culture_providers (id, name, description, contact_person, email, phone, address, opening_hours, url, created_at, updated_at, main_image_id) VALUES (1, 'Obanteatern', 'Obanteatern är en turnérande grupp med kontor på Barnens scen i Malmö. Vi vill med lust och fantasi som ledord experimentera med det sceniska framträdandets alla beståndsdelar såsom text, rörelse, musik, scenografi och kostym

Obanteatern tillför teaterlivet vitalitet med stora och små uppsättningar och föreställningar för barn, ungdomar och vuxna.
', 'Jan Dzedins', 'info@obanteatern.se', '040-30 65 70', 'OBANTEATERN  c/o Barnens scen
Falsterbogatan 17, 214 36 Malmö', 'n/a', 'http://www.obanteatern.se/', '2009-06-25 12:10:55.183287', '2009-06-25 12:12:00.61615', 1);


--
-- Data for Name: culture_providers_users; Type: TABLE DATA; Schema: public; Owner: root
--



--
-- Data for Name: events; Type: TABLE DATA; Schema: public; Owner: root
--

INSERT INTO events (id, culture_provider_id, name, description, visible_from, visible_to, from_age, to_age, further_education, ticket_release_date, ticket_state, url, movie_url, opening_hours, cost, booking_info, created_at, updated_at, main_image_id) VALUES (1, 1, 'Sagan om det röda äpplet', '"Det var en gång en gubbe i randig kostym som råkade gå förbi en fruktaffär." Så börjar Jan Lööfs älskade bildberättelse där man får följa hur ett äpple sätter igång en händelsekedja i den lilla staden.

Sagan om det röda äppletNär Obanteatern tolkar historien blir det rolig och underfundig teater. Lööfs fantastiska bilder finns kvar på scenen i form av projektioner på en videovägg som också är föreställningens fond. Med hjälp av modern animationsteknik får bilderna liv och tar sin rättmätiga plats i teaterföreställningen. En upplevelse för både barn och vuxna.

Föreställningen är producerad med bidrag från Malmö kulturstöd och Sparbanksstiftelsen Skåne.', '2009-06-25', '2010-01-23', 4, 8, false, '2009-06-26', 3, 'http://www.obanteatern.se/Contents.asp?id=770', 'http://www.youtube.com/watch?v=cXGI6vTvabg', 'n/a', 'Vid spelning utanför Skåne tillkommer resa, logi & traktamente    (3 pers).
Priserna gäller 100 personer/ föreställning.
(Vid skolföreställningar 100 barn/föreställning).
Vi spelar maximalt 3 föreställningar/dag.', 'Tel 040-30 65 70  Mobil 0730-47 92 49', '2009-06-25 12:28:01.109066', '2009-06-25 12:56:53.249724', NULL);
INSERT INTO events (id, culture_provider_id, name, description, visible_from, visible_to, from_age, to_age, further_education, ticket_release_date, ticket_state, url, movie_url, opening_hours, cost, booking_info, created_at, updated_at, main_image_id) VALUES (2, 1, 'Den sista blomman', 'Den sista blomman är en historia om krigets dårskap i en värld där människan aldrig lär sig av sina misstag, men den handlar även om människans fantastiska förmåga att överleva och börja om på nytt.

Föreställningen bygger på boken med samma namn som är skriven och illustrerad av den amerikanske författaren, tecknaren och humoristen James Thurber. Boken publicerades första gången redan 1939.

Boken Den sista blomman är illustrerad och berättelsen förmedlas gemensamt av både text och bilder. Bilderna är mest informativa, något som tagits tillvara i föreställningen. Historien byggs upp kring olika skeenden och händelseförlopp, snarare än kring ett par få huvudpersoner. Detta gestaltas i form av flera olika karaktärer, bl a tre hundar som återkommer flera gånger och ger ett något annorlunda perspektiv på hur världen fungerar.

I sann Obanteateranda har allvaret, men även humorn tagits fasta på i denna fysiskt gestaltade, tänkvärda och underhållande föreställning.', '2009-06-25', '2009-12-31', 12, 19, false, '2009-06-26', NULL, 'http://www.obanteatern.se/Contents.asp?id=824', '', '', '', 'http://www.obanteatern.se/Form.asp?id=766', '2009-06-25 12:59:55.061394', '2009-06-25 13:08:38.237782', NULL);


--
--
-- Data for Name: categories_events; Type: TABLE DATA; Schema: public; Owner: root
--

INSERT INTO categories_events (category_id, event_id) VALUES (4, 1);
INSERT INTO categories_events (category_id, event_id) VALUES (1, 1);
INSERT INTO categories_events (category_id, event_id) VALUES (4, 2);
INSERT INTO categories_events (category_id, event_id) VALUES (1, 2);


-- Data for Name: images; Type: TABLE DATA; Schema: public; Owner: root
--

INSERT INTO images (id, event_id, culture_provider_id, name, filename, width, height, thumb_width, thumb_height, created_at, updated_at) VALUES (1, NULL, 1, 'obanteatern', 'EVlf8k4KIqVflAG.jpg', 464, 114, 212, 52, '2009-06-25 12:12:00.456949', '2009-06-25 12:12:00.456949');
INSERT INTO images (id, event_id, culture_provider_id, name, filename, width, height, thumb_width, thumb_height, created_at, updated_at) VALUES (2, NULL, 1, 'sagan om det röda äpplet 1', 'uMMOqBWHcd1L3Wa.jpg', 131, 174, 60, 80, '2009-06-25 12:18:47.787842', '2009-06-25 12:18:47.787842');
INSERT INTO images (id, event_id, culture_provider_id, name, filename, width, height, thumb_width, thumb_height, created_at, updated_at) VALUES (3, NULL, 1, 'sagan om det röda äpplet 2', 'MrRAmy7FEuIZNmu.jpg', 232, 174, 107, 80, '2009-06-25 12:19:25.027114', '2009-06-25 12:19:25.027114');
INSERT INTO images (id, event_id, culture_provider_id, name, filename, width, height, thumb_width, thumb_height, created_at, updated_at) VALUES (4, NULL, 1, 'Trolljakten', '4jhgD7yradqh7va.jpg', 135, 174, 62, 80, '2009-06-25 12:20:09.807621', '2009-06-25 12:20:09.807621');
INSERT INTO images (id, event_id, culture_provider_id, name, filename, width, height, thumb_width, thumb_height, created_at, updated_at) VALUES (5, 1, NULL, 'sagan om det röda äpplet 3', 'd8O6iEOmNQBQVTz.jpg', 131, 174, 60, 80, '2009-06-25 12:28:39.859708', '2009-06-25 12:28:39.859708');
INSERT INTO images (id, event_id, culture_provider_id, name, filename, width, height, thumb_width, thumb_height, created_at, updated_at) VALUES (6, 1, NULL, 'sagan om det röda äpplet 2', 'HFD34GgXpI1Vp0A.jpg', 131, 174, 60, 80, '2009-06-25 12:29:16.957593', '2009-06-25 12:29:16.957593');
INSERT INTO images (id, event_id, culture_provider_id, name, filename, width, height, thumb_width, thumb_height, created_at, updated_at) VALUES (7, 2, NULL, 'bild1', 'GMu88qCgyGHuDtX.jpg', 336, 174, 154, 80, '2009-06-25 13:00:50.74718', '2009-06-25 13:00:50.74718');
INSERT INTO images (id, event_id, culture_provider_id, name, filename, width, height, thumb_width, thumb_height, created_at, updated_at) VALUES (8, 2, NULL, 'bild2', 'Ohmr6OZbBtoALF5.jpg', 232, 174, 107, 80, '2009-06-25 13:01:22.848046', '2009-06-25 13:01:22.848046');
INSERT INTO images (id, event_id, culture_provider_id, name, filename, width, height, thumb_width, thumb_height, created_at, updated_at) VALUES (9, 2, NULL, 'bild2', '6KUmAVAXEIDDvY1.jpg', 232, 174, 107, 80, '2009-06-25 13:01:50.235942', '2009-06-25 13:01:50.235942');
INSERT INTO images (id, event_id, culture_provider_id, name, filename, width, height, thumb_width, thumb_height, created_at, updated_at) VALUES (10, 2, NULL, 'Test', 'k2zQEvyS0EwcBLk.jpg', 232, 174, 107, 80, '2009-06-25 13:02:16.397938', '2009-06-25 13:02:16.397938');


--
-- Data for Name: notification_requests; Type: TABLE DATA; Schema: public; Owner: root
--



--
-- Data for Name: occasions; Type: TABLE DATA; Schema: public; Owner: root
--

INSERT INTO occasions (id, event_id, date, start_time, stop_time, seats, wheelchair_seats, address, description, telecoil, created_at, updated_at) VALUES (1, 1, '2009-07-02', '14:00:00', '15:00:00', 30, 0, 'Falsterbogatan 17, 214 36 Malmö', 'Sagan om det röda äpplet', false, '2009-06-25 12:46:47.794536', '2009-06-25 12:46:47.794536');
INSERT INTO occasions (id, event_id, date, start_time, stop_time, seats, wheelchair_seats, address, description, telecoil, created_at, updated_at) VALUES (2, 1, '2009-07-03', '14:00:00', '15:00:00', 30, 0, 'Falsterbogatan 17, 214 36 Malmö', 'Sagan om det röda äpplet', false, '2009-06-25 12:54:42.542439', '2009-06-25 12:55:35.412882');
INSERT INTO occasions (id, event_id, date, start_time, stop_time, seats, wheelchair_seats, address, description, telecoil, created_at, updated_at) VALUES (3, 2, '2009-08-03', '13:00:00', '14:00:00', 75, 5, 'Falsterbogatan 17, 214 36 Malmö', '', true, '2009-06-25 13:07:05.14237', '2009-06-25 13:07:05.14237');


--
-- Data for Name: questionaires; Type: TABLE DATA; Schema: public; Owner: root
--

INSERT INTO questionaires (id, event_id, description, created_at, updated_at) VALUES (1, 1, 'Enkät för sagan om det röda äpplet', '2009-06-25 12:49:27.157305', '2009-06-25 12:49:27.157305');


--
-- Data for Name: questions; Type: TABLE DATA; Schema: public; Owner: root
--

INSERT INTO questions (id, qtype, question, choice_csv, "template", created_at, updated_at) VALUES (1, 'QuestionMark', 'Var det bra?', '', true, '2009-06-25 12:47:38.69515', '2009-06-25 12:47:38.69515');
INSERT INTO questions (id, qtype, question, choice_csv, "template", created_at, updated_at) VALUES (2, 'QuestionBool', 'Vill du ha en bensindriven bergsborr?', 'mp5,aug,awp,p90', true, '2009-06-25 12:48:24.053244', '2009-06-25 12:48:24.053244');
INSERT INTO questions (id, qtype, question, choice_csv, "template", created_at, updated_at) VALUES (3, 'QuestionMchoice', 'Markera allt som stämmer:', 'roligt,intressant,spännande,hemskt,ingetdera', true, '2009-06-25 12:49:04.565142', '2009-06-25 12:49:04.565142');


--
--
-- Data for Name: questionaires_questions; Type: TABLE DATA; Schema: public; Owner: root
--

INSERT INTO questionaires_questions (question_id, questionaire_id) VALUES (3, 1);
INSERT INTO questionaires_questions (question_id, questionaire_id) VALUES (1, 1);
INSERT INTO questionaires_questions (question_id, questionaire_id) VALUES (2, 1);


-- Data for Name: role_applications; Type: TABLE DATA; Schema: public; Owner: root
--



--
-- Data for Name: roles; Type: TABLE DATA; Schema: public; Owner: root
--

INSERT INTO roles (id, name, created_at, updated_at) VALUES (1, 'admin', '2009-06-25 11:58:35.653238', '2009-06-25 11:58:35.653238');
INSERT INTO roles (id, name, created_at, updated_at) VALUES (2, 'booker', '2009-06-25 11:58:35.808711', '2009-06-25 11:58:35.808711');
INSERT INTO roles (id, name, created_at, updated_at) VALUES (3, 'culture_worker', '2009-06-25 11:58:35.852868', '2009-06-25 11:58:35.852868');
INSERT INTO roles (id, name, created_at, updated_at) VALUES (4, 'host', '2009-06-25 11:58:35.952868', '2009-06-25 11:58:35.952868');


--
-- Data for Name: roles_users; Type: TABLE DATA; Schema: public; Owner: root
--

INSERT INTO roles_users (role_id, user_id) VALUES (1, 1);


--
-- Data for Name: school_prios; Type: TABLE DATA; Schema: public; Owner: root
--

INSERT INTO school_prios (id, prio, school_id, district_id, created_at, updated_at) VALUES (33, 0, 9, 9, '2009-06-25 14:17:47.794782', '2009-06-25 14:17:47.794782');
INSERT INTO school_prios (id, prio, school_id, district_id, created_at, updated_at) VALUES (34, 1, 19, 9, '2009-06-25 14:17:47.795904', '2009-06-25 14:17:47.795904');
INSERT INTO school_prios (id, prio, school_id, district_id, created_at, updated_at) VALUES (35, 2, 29, 9, '2009-06-25 14:17:47.796982', '2009-06-25 14:17:47.796982');
INSERT INTO school_prios (id, prio, school_id, district_id, created_at, updated_at) VALUES (36, 3, 39, 9, '2009-06-25 14:17:47.798034', '2009-06-25 14:17:47.798034');
INSERT INTO school_prios (id, prio, school_id, district_id, created_at, updated_at) VALUES (37, 0, 10, 10, '2009-06-25 14:17:47.799591', '2009-06-25 14:17:47.799591');
INSERT INTO school_prios (id, prio, school_id, district_id, created_at, updated_at) VALUES (38, 1, 20, 10, '2009-06-25 14:17:47.800683', '2009-06-25 14:17:47.800683');
INSERT INTO school_prios (id, prio, school_id, district_id, created_at, updated_at) VALUES (39, 2, 30, 10, '2009-06-25 14:17:47.801761', '2009-06-25 14:17:47.801761');
INSERT INTO school_prios (id, prio, school_id, district_id, created_at, updated_at) VALUES (6, 0, 12, 2, '2009-06-25 14:17:47.755671', '2009-06-25 14:17:47.755671');
INSERT INTO school_prios (id, prio, school_id, district_id, created_at, updated_at) VALUES (7, 1, 22, 2, '2009-06-25 14:17:47.756756', '2009-06-25 14:17:47.756756');
INSERT INTO school_prios (id, prio, school_id, district_id, created_at, updated_at) VALUES (8, 2, 32, 2, '2009-06-25 14:17:47.75783', '2009-06-25 14:17:47.75783');
INSERT INTO school_prios (id, prio, school_id, district_id, created_at, updated_at) VALUES (5, 3, 2, 2, '2009-06-25 14:17:47.754522', '2009-06-25 12:52:47.833017');
INSERT INTO school_prios (id, prio, school_id, district_id, created_at, updated_at) VALUES (10, 0, 13, 3, '2009-06-25 14:17:47.760549', '2009-06-25 14:17:47.760549');
INSERT INTO school_prios (id, prio, school_id, district_id, created_at, updated_at) VALUES (11, 1, 23, 3, '2009-06-25 14:17:47.761644', '2009-06-25 14:17:47.761644');
INSERT INTO school_prios (id, prio, school_id, district_id, created_at, updated_at) VALUES (12, 2, 33, 3, '2009-06-25 14:17:47.762723', '2009-06-25 14:17:47.762723');
INSERT INTO school_prios (id, prio, school_id, district_id, created_at, updated_at) VALUES (9, 3, 3, 3, '2009-06-25 14:17:47.759477', '2009-06-25 12:52:47.877901');
INSERT INTO school_prios (id, prio, school_id, district_id, created_at, updated_at) VALUES (15, 2, 24, 4, '2009-06-25 14:17:47.766807', '2009-06-25 12:52:48.361503');
INSERT INTO school_prios (id, prio, school_id, district_id, created_at, updated_at) VALUES (13, 0, 4, 4, '2009-06-25 14:17:47.7646', '2009-06-25 12:52:47.934223');
INSERT INTO school_prios (id, prio, school_id, district_id, created_at, updated_at) VALUES (14, 1, 14, 4, '2009-06-25 14:17:47.765688', '2009-06-25 12:52:48.251107');
INSERT INTO school_prios (id, prio, school_id, district_id, created_at, updated_at) VALUES (18, 0, 15, 5, '2009-06-25 14:17:47.770573', '2009-06-25 14:17:47.770573');
INSERT INTO school_prios (id, prio, school_id, district_id, created_at, updated_at) VALUES (19, 1, 25, 5, '2009-06-25 14:17:47.771651', '2009-06-25 14:17:47.771651');
INSERT INTO school_prios (id, prio, school_id, district_id, created_at, updated_at) VALUES (20, 2, 35, 5, '2009-06-25 14:17:47.772723', '2009-06-25 14:17:47.772723');
INSERT INTO school_prios (id, prio, school_id, district_id, created_at, updated_at) VALUES (17, 3, 5, 5, '2009-06-25 14:17:47.769491', '2009-06-25 12:52:47.997572');
INSERT INTO school_prios (id, prio, school_id, district_id, created_at, updated_at) VALUES (22, 0, 16, 6, '2009-06-25 14:17:47.77543', '2009-06-25 14:17:47.77543');
INSERT INTO school_prios (id, prio, school_id, district_id, created_at, updated_at) VALUES (23, 1, 26, 6, '2009-06-25 14:17:47.776738', '2009-06-25 14:17:47.776738');
INSERT INTO school_prios (id, prio, school_id, district_id, created_at, updated_at) VALUES (24, 2, 36, 6, '2009-06-25 14:17:47.777821', '2009-06-25 14:17:47.777821');
INSERT INTO school_prios (id, prio, school_id, district_id, created_at, updated_at) VALUES (21, 3, 6, 6, '2009-06-25 14:17:47.774354', '2009-06-25 12:52:48.049683');
INSERT INTO school_prios (id, prio, school_id, district_id, created_at, updated_at) VALUES (26, 0, 17, 7, '2009-06-25 14:17:47.780464', '2009-06-25 14:17:47.780464');
INSERT INTO school_prios (id, prio, school_id, district_id, created_at, updated_at) VALUES (27, 1, 27, 7, '2009-06-25 14:17:47.781579', '2009-06-25 14:17:47.781579');
INSERT INTO school_prios (id, prio, school_id, district_id, created_at, updated_at) VALUES (28, 2, 37, 7, '2009-06-25 14:17:47.782666', '2009-06-25 14:17:47.782666');
INSERT INTO school_prios (id, prio, school_id, district_id, created_at, updated_at) VALUES (25, 3, 7, 7, '2009-06-25 14:17:47.779398', '2009-06-25 12:52:48.09785');
INSERT INTO school_prios (id, prio, school_id, district_id, created_at, updated_at) VALUES (30, 0, 18, 8, '2009-06-25 14:17:47.791091', '2009-06-25 14:17:47.791091');
INSERT INTO school_prios (id, prio, school_id, district_id, created_at, updated_at) VALUES (31, 1, 28, 8, '2009-06-25 14:17:47.792167', '2009-06-25 14:17:47.792167');
INSERT INTO school_prios (id, prio, school_id, district_id, created_at, updated_at) VALUES (32, 2, 38, 8, '2009-06-25 14:17:47.793187', '2009-06-25 14:17:47.793187');
INSERT INTO school_prios (id, prio, school_id, district_id, created_at, updated_at) VALUES (29, 3, 8, 8, '2009-06-25 14:17:47.789632', '2009-06-25 12:52:48.149761');
INSERT INTO school_prios (id, prio, school_id, district_id, created_at, updated_at) VALUES (16, 3, 34, 4, '2009-06-25 14:17:47.767938', '2009-06-25 12:52:48.463685');
INSERT INTO school_prios (id, prio, school_id, district_id, created_at, updated_at) VALUES (4, 0, 31, 1, '2009-06-25 14:17:47.752718', '2009-06-25 12:52:48.408178');
INSERT INTO school_prios (id, prio, school_id, district_id, created_at, updated_at) VALUES (1, 1, 1, 1, '2009-06-25 14:17:47.746739', '2009-06-25 13:08:41.076777');
INSERT INTO school_prios (id, prio, school_id, district_id, created_at, updated_at) VALUES (2, 2, 11, 1, '2009-06-25 14:17:47.748439', '2009-06-25 13:08:41.14317');
INSERT INTO school_prios (id, prio, school_id, district_id, created_at, updated_at) VALUES (3, 3, 21, 1, '2009-06-25 14:17:47.751687', '2009-06-25 13:08:41.210353');


--
-- Data for Name: sessions; Type: TABLE DATA; Schema: public; Owner: root
--

INSERT INTO sessions (id, session_id, data, created_at, updated_at) VALUES (1, 'b51b4766945e327130938135b7dbc2c4', 'BAh7CToQX2NzcmZfdG9rZW4iMVo4WE1rU1IzOERQNmZPNWhRUFNXMld6dUJT
VnVYbFBhWlJkYnhGbjdJczA9OhRjYWxlbmRhcl9maWx0ZXJ7BjoOZnJvbV9k
YXRldToJRGF0ZT0ECFsIbzoNUmF0aW9uYWwHOhFAZGVub21pbmF0b3JpBzoP
QG51bWVyYXRvcmkDv+tKaQBpAxkVIyIKZmxhc2hJQzonQWN0aW9uQ29udHJv
bGxlcjo6Rmxhc2g6OkZsYXNoSGFzaHsABjoKQHVzZWR7ADoUY3VycmVudF91
c2VyX2lkaQY=
', '2009-06-25 11:59:14.154637', '2009-06-25 13:08:56.653119');
INSERT INTO sessions (id, session_id, data, created_at, updated_at) VALUES (2, 'dc63f36dcf3b929afba20ce6534fdab9', 'BAh7CDoQX2NzcmZfdG9rZW4iMU9hUFVRWTh5RjZEQWtZS2t4ZGIyYUVQby9h
V25yTWJ2bFZKalVtUWhpWGc9IgpmbGFzaElDOidBY3Rpb25Db250cm9sbGVy
OjpGbGFzaDo6Rmxhc2hIYXNoewAGOgpAdXNlZHsAOhRjdXJyZW50X3VzZXJf
aWRpBg==
', '2009-06-25 12:03:48.361687', '2009-06-25 13:11:55.935522');
INSERT INTO sessions (id, session_id, data, created_at, updated_at) VALUES (3, '63b22c2db9b7988e36002f1f9bc44995', 'BAh7CDoQX2NzcmZfdG9rZW4iMUNTZ2dOOFc4MWtoaUhXNHMvakxFeVM1UjRN
V1BKZ3FodEJSL3BlOUdiemc9OhRjYWxlbmRhcl9maWx0ZXJ7BjoOZnJvbV9k
YXRldToJRGF0ZT0ECFsIbzoNUmF0aW9uYWwHOhFAZGVub21pbmF0b3JpBzoP
QG51bWVyYXRvcmkDv+tKaQBpAxkVIyIKZmxhc2hJQzonQWN0aW9uQ29udHJv
bGxlcjo6Rmxhc2g6OkZsYXNoSGFzaHsABjoKQHVzZWR7AA==
', '2009-06-25 12:48:53.836556', '2009-06-25 12:49:03.15485');


--
-- Data for Name: tickets; Type: TABLE DATA; Schema: public; Owner: root
--

INSERT INTO tickets (id, state, group_id, event_id, occasion_id, district_id, companion_id, adult, user_id, wheelchair, booked_when, created_at, updated_at) VALUES (14, 0, 1, 1, NULL, 1, NULL, NULL, NULL, false, NULL, '2009-06-25 12:52:36.975918', '2009-06-25 12:52:36.975918');
INSERT INTO tickets (id, state, group_id, event_id, occasion_id, district_id, companion_id, adult, user_id, wheelchair, booked_when, created_at, updated_at) VALUES (15, 0, 1, 1, NULL, 1, NULL, NULL, NULL, false, NULL, '2009-06-25 12:52:37.008099', '2009-06-25 12:52:37.008099');
INSERT INTO tickets (id, state, group_id, event_id, occasion_id, district_id, companion_id, adult, user_id, wheelchair, booked_when, created_at, updated_at) VALUES (16, 0, 1, 1, NULL, 1, NULL, NULL, NULL, false, NULL, '2009-06-25 12:52:37.042396', '2009-06-25 12:52:37.042396');
INSERT INTO tickets (id, state, group_id, event_id, occasion_id, district_id, companion_id, adult, user_id, wheelchair, booked_when, created_at, updated_at) VALUES (17, 0, 8, 1, NULL, 2, NULL, NULL, NULL, false, NULL, '2009-06-25 12:52:37.076017', '2009-06-25 12:52:37.076017');
INSERT INTO tickets (id, state, group_id, event_id, occasion_id, district_id, companion_id, adult, user_id, wheelchair, booked_when, created_at, updated_at) VALUES (18, 0, 8, 1, NULL, 2, NULL, NULL, NULL, false, NULL, '2009-06-25 12:52:37.107497', '2009-06-25 12:52:37.107497');
INSERT INTO tickets (id, state, group_id, event_id, occasion_id, district_id, companion_id, adult, user_id, wheelchair, booked_when, created_at, updated_at) VALUES (19, 0, 8, 1, NULL, 2, NULL, NULL, NULL, false, NULL, '2009-06-25 12:52:37.139552', '2009-06-25 12:52:37.139552');
INSERT INTO tickets (id, state, group_id, event_id, occasion_id, district_id, companion_id, adult, user_id, wheelchair, booked_when, created_at, updated_at) VALUES (20, 0, 8, 1, NULL, 2, NULL, NULL, NULL, false, NULL, '2009-06-25 12:52:37.175753', '2009-06-25 12:52:37.175753');
INSERT INTO tickets (id, state, group_id, event_id, occasion_id, district_id, companion_id, adult, user_id, wheelchair, booked_when, created_at, updated_at) VALUES (21, 0, 8, 1, NULL, 2, NULL, NULL, NULL, false, NULL, '2009-06-25 12:52:37.211532', '2009-06-25 12:52:37.211532');
INSERT INTO tickets (id, state, group_id, event_id, occasion_id, district_id, companion_id, adult, user_id, wheelchair, booked_when, created_at, updated_at) VALUES (22, 0, 8, 1, NULL, 2, NULL, NULL, NULL, false, NULL, '2009-06-25 12:52:37.247553', '2009-06-25 12:52:37.247553');
INSERT INTO tickets (id, state, group_id, event_id, occasion_id, district_id, companion_id, adult, user_id, wheelchair, booked_when, created_at, updated_at) VALUES (23, 0, 8, 1, NULL, 2, NULL, NULL, NULL, false, NULL, '2009-06-25 12:52:37.281338', '2009-06-25 12:52:37.281338');
INSERT INTO tickets (id, state, group_id, event_id, occasion_id, district_id, companion_id, adult, user_id, wheelchair, booked_when, created_at, updated_at) VALUES (24, 0, 8, 1, NULL, 2, NULL, NULL, NULL, false, NULL, '2009-06-25 12:52:37.322218', '2009-06-25 12:52:37.322218');
INSERT INTO tickets (id, state, group_id, event_id, occasion_id, district_id, companion_id, adult, user_id, wheelchair, booked_when, created_at, updated_at) VALUES (25, 0, 8, 1, NULL, 2, NULL, NULL, NULL, false, NULL, '2009-06-25 12:52:37.354451', '2009-06-25 12:52:37.354451');
INSERT INTO tickets (id, state, group_id, event_id, occasion_id, district_id, companion_id, adult, user_id, wheelchair, booked_when, created_at, updated_at) VALUES (26, 0, 8, 1, NULL, 2, NULL, NULL, NULL, false, NULL, '2009-06-25 12:52:37.392261', '2009-06-25 12:52:37.392261');
INSERT INTO tickets (id, state, group_id, event_id, occasion_id, district_id, companion_id, adult, user_id, wheelchair, booked_when, created_at, updated_at) VALUES (27, 0, 8, 1, NULL, 2, NULL, NULL, NULL, false, NULL, '2009-06-25 12:52:37.427289', '2009-06-25 12:52:37.427289');
INSERT INTO tickets (id, state, group_id, event_id, occasion_id, district_id, companion_id, adult, user_id, wheelchair, booked_when, created_at, updated_at) VALUES (28, 0, 8, 1, NULL, 2, NULL, NULL, NULL, false, NULL, '2009-06-25 12:52:37.460557', '2009-06-25 12:52:37.460557');
INSERT INTO tickets (id, state, group_id, event_id, occasion_id, district_id, companion_id, adult, user_id, wheelchair, booked_when, created_at, updated_at) VALUES (29, 0, 8, 1, NULL, 2, NULL, NULL, NULL, false, NULL, '2009-06-25 12:52:37.493946', '2009-06-25 12:52:37.493946');
INSERT INTO tickets (id, state, group_id, event_id, occasion_id, district_id, companion_id, adult, user_id, wheelchair, booked_when, created_at, updated_at) VALUES (30, 0, 8, 1, NULL, 2, NULL, NULL, NULL, false, NULL, '2009-06-25 12:52:37.528638', '2009-06-25 12:52:37.528638');
INSERT INTO tickets (id, state, group_id, event_id, occasion_id, district_id, companion_id, adult, user_id, wheelchair, booked_when, created_at, updated_at) VALUES (31, 0, 15, 1, NULL, 3, NULL, NULL, NULL, false, NULL, '2009-06-25 12:52:37.56211', '2009-06-25 12:52:37.56211');
INSERT INTO tickets (id, state, group_id, event_id, occasion_id, district_id, companion_id, adult, user_id, wheelchair, booked_when, created_at, updated_at) VALUES (32, 0, 15, 1, NULL, 3, NULL, NULL, NULL, false, NULL, '2009-06-25 12:52:37.602662', '2009-06-25 12:52:37.602662');
INSERT INTO tickets (id, state, group_id, event_id, occasion_id, district_id, companion_id, adult, user_id, wheelchair, booked_when, created_at, updated_at) VALUES (33, 0, 15, 1, NULL, 3, NULL, NULL, NULL, false, NULL, '2009-06-25 12:52:37.639734', '2009-06-25 12:52:37.639734');
INSERT INTO tickets (id, state, group_id, event_id, occasion_id, district_id, companion_id, adult, user_id, wheelchair, booked_when, created_at, updated_at) VALUES (34, 0, 15, 1, NULL, 3, NULL, NULL, NULL, false, NULL, '2009-06-25 12:52:37.67511', '2009-06-25 12:52:37.67511');
INSERT INTO tickets (id, state, group_id, event_id, occasion_id, district_id, companion_id, adult, user_id, wheelchair, booked_when, created_at, updated_at) VALUES (35, 0, 15, 1, NULL, 3, NULL, NULL, NULL, false, NULL, '2009-06-25 12:52:37.7082', '2009-06-25 12:52:37.7082');
INSERT INTO tickets (id, state, group_id, event_id, occasion_id, district_id, companion_id, adult, user_id, wheelchair, booked_when, created_at, updated_at) VALUES (36, 0, 15, 1, NULL, 3, NULL, NULL, NULL, false, NULL, '2009-06-25 12:52:37.751836', '2009-06-25 12:52:37.751836');
INSERT INTO tickets (id, state, group_id, event_id, occasion_id, district_id, companion_id, adult, user_id, wheelchair, booked_when, created_at, updated_at) VALUES (37, 0, 15, 1, NULL, 3, NULL, NULL, NULL, false, NULL, '2009-06-25 12:52:37.787932', '2009-06-25 12:52:37.787932');
INSERT INTO tickets (id, state, group_id, event_id, occasion_id, district_id, companion_id, adult, user_id, wheelchair, booked_when, created_at, updated_at) VALUES (38, 0, 15, 1, NULL, 3, NULL, NULL, NULL, false, NULL, '2009-06-25 12:52:37.825602', '2009-06-25 12:52:37.825602');
INSERT INTO tickets (id, state, group_id, event_id, occasion_id, district_id, companion_id, adult, user_id, wheelchair, booked_when, created_at, updated_at) VALUES (39, 0, 15, 1, NULL, 3, NULL, NULL, NULL, false, NULL, '2009-06-25 12:52:37.86566', '2009-06-25 12:52:37.86566');
INSERT INTO tickets (id, state, group_id, event_id, occasion_id, district_id, companion_id, adult, user_id, wheelchair, booked_when, created_at, updated_at) VALUES (40, 0, 15, 1, NULL, 3, NULL, NULL, NULL, false, NULL, '2009-06-25 12:52:37.902849', '2009-06-25 12:52:37.902849');
INSERT INTO tickets (id, state, group_id, event_id, occasion_id, district_id, companion_id, adult, user_id, wheelchair, booked_when, created_at, updated_at) VALUES (41, 0, 15, 1, NULL, 3, NULL, NULL, NULL, false, NULL, '2009-06-25 12:52:37.944975', '2009-06-25 12:52:37.944975');
INSERT INTO tickets (id, state, group_id, event_id, occasion_id, district_id, companion_id, adult, user_id, wheelchair, booked_when, created_at, updated_at) VALUES (42, 0, 15, 1, NULL, 3, NULL, NULL, NULL, false, NULL, '2009-06-25 12:52:37.984389', '2009-06-25 12:52:37.984389');
INSERT INTO tickets (id, state, group_id, event_id, occasion_id, district_id, companion_id, adult, user_id, wheelchair, booked_when, created_at, updated_at) VALUES (43, 0, 15, 1, NULL, 3, NULL, NULL, NULL, false, NULL, '2009-06-25 12:52:38.032123', '2009-06-25 12:52:38.032123');
INSERT INTO tickets (id, state, group_id, event_id, occasion_id, district_id, companion_id, adult, user_id, wheelchair, booked_when, created_at, updated_at) VALUES (44, 0, 15, 1, NULL, 3, NULL, NULL, NULL, false, NULL, '2009-06-25 12:52:38.080019', '2009-06-25 12:52:38.080019');
INSERT INTO tickets (id, state, group_id, event_id, occasion_id, district_id, companion_id, adult, user_id, wheelchair, booked_when, created_at, updated_at) VALUES (45, 0, 15, 1, NULL, 3, NULL, NULL, NULL, false, NULL, '2009-06-25 12:52:38.138712', '2009-06-25 12:52:38.138712');
INSERT INTO tickets (id, state, group_id, event_id, occasion_id, district_id, companion_id, adult, user_id, wheelchair, booked_when, created_at, updated_at) VALUES (46, 0, 15, 1, NULL, 3, NULL, NULL, NULL, false, NULL, '2009-06-25 12:52:38.185964', '2009-06-25 12:52:38.185964');
INSERT INTO tickets (id, state, group_id, event_id, occasion_id, district_id, companion_id, adult, user_id, wheelchair, booked_when, created_at, updated_at) VALUES (47, 0, 15, 1, NULL, 3, NULL, NULL, NULL, false, NULL, '2009-06-25 12:52:38.223363', '2009-06-25 12:52:38.223363');
INSERT INTO tickets (id, state, group_id, event_id, occasion_id, district_id, companion_id, adult, user_id, wheelchair, booked_when, created_at, updated_at) VALUES (48, 0, 15, 1, NULL, 3, NULL, NULL, NULL, false, NULL, '2009-06-25 12:52:38.689077', '2009-06-25 12:52:38.689077');
INSERT INTO tickets (id, state, group_id, event_id, occasion_id, district_id, companion_id, adult, user_id, wheelchair, booked_when, created_at, updated_at) VALUES (49, 0, 15, 1, NULL, 3, NULL, NULL, NULL, false, NULL, '2009-06-25 12:52:38.72787', '2009-06-25 12:52:38.72787');
INSERT INTO tickets (id, state, group_id, event_id, occasion_id, district_id, companion_id, adult, user_id, wheelchair, booked_when, created_at, updated_at) VALUES (50, 0, 15, 1, NULL, 3, NULL, NULL, NULL, false, NULL, '2009-06-25 12:52:38.764419', '2009-06-25 12:52:38.764419');
INSERT INTO tickets (id, state, group_id, event_id, occasion_id, district_id, companion_id, adult, user_id, wheelchair, booked_when, created_at, updated_at) VALUES (51, 0, 15, 1, NULL, 3, NULL, NULL, NULL, false, NULL, '2009-06-25 12:52:38.803177', '2009-06-25 12:52:38.803177');
INSERT INTO tickets (id, state, group_id, event_id, occasion_id, district_id, companion_id, adult, user_id, wheelchair, booked_when, created_at, updated_at) VALUES (52, 0, 16, 1, NULL, 3, NULL, NULL, NULL, false, NULL, '2009-06-25 12:52:38.839228', '2009-06-25 12:52:38.839228');
INSERT INTO tickets (id, state, group_id, event_id, occasion_id, district_id, companion_id, adult, user_id, wheelchair, booked_when, created_at, updated_at) VALUES (53, 0, 16, 1, NULL, 3, NULL, NULL, NULL, false, NULL, '2009-06-25 12:52:38.877213', '2009-06-25 12:52:38.877213');
INSERT INTO tickets (id, state, group_id, event_id, occasion_id, district_id, companion_id, adult, user_id, wheelchair, booked_when, created_at, updated_at) VALUES (54, 0, 16, 1, NULL, 3, NULL, NULL, NULL, false, NULL, '2009-06-25 12:52:38.910919', '2009-06-25 12:52:38.910919');
INSERT INTO tickets (id, state, group_id, event_id, occasion_id, district_id, companion_id, adult, user_id, wheelchair, booked_when, created_at, updated_at) VALUES (55, 0, 16, 1, NULL, 3, NULL, NULL, NULL, false, NULL, '2009-06-25 12:52:38.946181', '2009-06-25 12:52:38.946181');
INSERT INTO tickets (id, state, group_id, event_id, occasion_id, district_id, companion_id, adult, user_id, wheelchair, booked_when, created_at, updated_at) VALUES (56, 0, 16, 1, NULL, 3, NULL, NULL, NULL, false, NULL, '2009-06-25 12:52:38.978057', '2009-06-25 12:52:38.978057');
INSERT INTO tickets (id, state, group_id, event_id, occasion_id, district_id, companion_id, adult, user_id, wheelchair, booked_when, created_at, updated_at) VALUES (57, 0, 16, 1, NULL, 3, NULL, NULL, NULL, false, NULL, '2009-06-25 12:52:39.013057', '2009-06-25 12:52:39.013057');
INSERT INTO tickets (id, state, group_id, event_id, occasion_id, district_id, companion_id, adult, user_id, wheelchair, booked_when, created_at, updated_at) VALUES (58, 0, 16, 1, NULL, 3, NULL, NULL, NULL, false, NULL, '2009-06-25 12:52:39.052526', '2009-06-25 12:52:39.052526');
INSERT INTO tickets (id, state, group_id, event_id, occasion_id, district_id, companion_id, adult, user_id, wheelchair, booked_when, created_at, updated_at) VALUES (59, 0, 16, 1, NULL, 3, NULL, NULL, NULL, false, NULL, '2009-06-25 12:52:39.089222', '2009-06-25 12:52:39.089222');
INSERT INTO tickets (id, state, group_id, event_id, occasion_id, district_id, companion_id, adult, user_id, wheelchair, booked_when, created_at, updated_at) VALUES (60, 0, 16, 1, NULL, 3, NULL, NULL, NULL, false, NULL, '2009-06-25 12:52:39.128235', '2009-06-25 12:52:39.128235');
INSERT INTO tickets (id, state, group_id, event_id, occasion_id, district_id, companion_id, adult, user_id, wheelchair, booked_when, created_at, updated_at) VALUES (61, 0, 16, 1, NULL, 3, NULL, NULL, NULL, false, NULL, '2009-06-25 12:52:39.169649', '2009-06-25 12:52:39.169649');
INSERT INTO tickets (id, state, group_id, event_id, occasion_id, district_id, companion_id, adult, user_id, wheelchair, booked_when, created_at, updated_at) VALUES (62, 0, 16, 1, NULL, 3, NULL, NULL, NULL, false, NULL, '2009-06-25 12:52:39.202487', '2009-06-25 12:52:39.202487');
INSERT INTO tickets (id, state, group_id, event_id, occasion_id, district_id, companion_id, adult, user_id, wheelchair, booked_when, created_at, updated_at) VALUES (63, 0, 16, 1, NULL, 3, NULL, NULL, NULL, false, NULL, '2009-06-25 12:52:39.240654', '2009-06-25 12:52:39.240654');
INSERT INTO tickets (id, state, group_id, event_id, occasion_id, district_id, companion_id, adult, user_id, wheelchair, booked_when, created_at, updated_at) VALUES (64, 0, 16, 1, NULL, 3, NULL, NULL, NULL, false, NULL, '2009-06-25 12:52:39.275669', '2009-06-25 12:52:39.275669');
INSERT INTO tickets (id, state, group_id, event_id, occasion_id, district_id, companion_id, adult, user_id, wheelchair, booked_when, created_at, updated_at) VALUES (65, 0, 16, 1, NULL, 3, NULL, NULL, NULL, false, NULL, '2009-06-25 12:52:39.316742', '2009-06-25 12:52:39.316742');
INSERT INTO tickets (id, state, group_id, event_id, occasion_id, district_id, companion_id, adult, user_id, wheelchair, booked_when, created_at, updated_at) VALUES (66, 0, 16, 1, NULL, 3, NULL, NULL, NULL, false, NULL, '2009-06-25 12:52:39.352128', '2009-06-25 12:52:39.352128');
INSERT INTO tickets (id, state, group_id, event_id, occasion_id, district_id, companion_id, adult, user_id, wheelchair, booked_when, created_at, updated_at) VALUES (67, 0, 16, 1, NULL, 3, NULL, NULL, NULL, false, NULL, '2009-06-25 12:52:39.386694', '2009-06-25 12:52:39.386694');
INSERT INTO tickets (id, state, group_id, event_id, occasion_id, district_id, companion_id, adult, user_id, wheelchair, booked_when, created_at, updated_at) VALUES (68, 0, 16, 1, NULL, 3, NULL, NULL, NULL, false, NULL, '2009-06-25 12:52:39.42099', '2009-06-25 12:52:39.42099');
INSERT INTO tickets (id, state, group_id, event_id, occasion_id, district_id, companion_id, adult, user_id, wheelchair, booked_when, created_at, updated_at) VALUES (69, 0, 16, 1, NULL, 3, NULL, NULL, NULL, false, NULL, '2009-06-25 12:52:39.456833', '2009-06-25 12:52:39.456833');
INSERT INTO tickets (id, state, group_id, event_id, occasion_id, district_id, companion_id, adult, user_id, wheelchair, booked_when, created_at, updated_at) VALUES (70, 0, 16, 1, NULL, 3, NULL, NULL, NULL, false, NULL, '2009-06-25 12:52:39.489566', '2009-06-25 12:52:39.489566');
INSERT INTO tickets (id, state, group_id, event_id, occasion_id, district_id, companion_id, adult, user_id, wheelchair, booked_when, created_at, updated_at) VALUES (71, 0, 16, 1, NULL, 3, NULL, NULL, NULL, false, NULL, '2009-06-25 12:52:39.524734', '2009-06-25 12:52:39.524734');
INSERT INTO tickets (id, state, group_id, event_id, occasion_id, district_id, companion_id, adult, user_id, wheelchair, booked_when, created_at, updated_at) VALUES (72, 0, 16, 1, NULL, 3, NULL, NULL, NULL, false, NULL, '2009-06-25 12:52:39.560292', '2009-06-25 12:52:39.560292');
INSERT INTO tickets (id, state, group_id, event_id, occasion_id, district_id, companion_id, adult, user_id, wheelchair, booked_when, created_at, updated_at) VALUES (73, 0, 16, 1, NULL, 3, NULL, NULL, NULL, false, NULL, '2009-06-25 12:52:39.600416', '2009-06-25 12:52:39.600416');
INSERT INTO tickets (id, state, group_id, event_id, occasion_id, district_id, companion_id, adult, user_id, wheelchair, booked_when, created_at, updated_at) VALUES (74, 0, 22, 1, NULL, 4, NULL, NULL, NULL, false, NULL, '2009-06-25 12:52:39.642519', '2009-06-25 12:52:39.642519');
INSERT INTO tickets (id, state, group_id, event_id, occasion_id, district_id, companion_id, adult, user_id, wheelchair, booked_when, created_at, updated_at) VALUES (75, 0, 22, 1, NULL, 4, NULL, NULL, NULL, false, NULL, '2009-06-25 12:52:39.681531', '2009-06-25 12:52:39.681531');
INSERT INTO tickets (id, state, group_id, event_id, occasion_id, district_id, companion_id, adult, user_id, wheelchair, booked_when, created_at, updated_at) VALUES (76, 0, 22, 1, NULL, 4, NULL, NULL, NULL, false, NULL, '2009-06-25 12:52:39.726757', '2009-06-25 12:52:39.726757');
INSERT INTO tickets (id, state, group_id, event_id, occasion_id, district_id, companion_id, adult, user_id, wheelchair, booked_when, created_at, updated_at) VALUES (77, 0, 22, 1, NULL, 4, NULL, NULL, NULL, false, NULL, '2009-06-25 12:52:39.764551', '2009-06-25 12:52:39.764551');
INSERT INTO tickets (id, state, group_id, event_id, occasion_id, district_id, companion_id, adult, user_id, wheelchair, booked_when, created_at, updated_at) VALUES (78, 0, 22, 1, NULL, 4, NULL, NULL, NULL, false, NULL, '2009-06-25 12:52:39.800409', '2009-06-25 12:52:39.800409');
INSERT INTO tickets (id, state, group_id, event_id, occasion_id, district_id, companion_id, adult, user_id, wheelchair, booked_when, created_at, updated_at) VALUES (79, 0, 22, 1, NULL, 4, NULL, NULL, NULL, false, NULL, '2009-06-25 12:52:39.836331', '2009-06-25 12:52:39.836331');
INSERT INTO tickets (id, state, group_id, event_id, occasion_id, district_id, companion_id, adult, user_id, wheelchair, booked_when, created_at, updated_at) VALUES (80, 0, 22, 1, NULL, 4, NULL, NULL, NULL, false, NULL, '2009-06-25 12:52:39.871786', '2009-06-25 12:52:39.871786');
INSERT INTO tickets (id, state, group_id, event_id, occasion_id, district_id, companion_id, adult, user_id, wheelchair, booked_when, created_at, updated_at) VALUES (81, 0, 22, 1, NULL, 4, NULL, NULL, NULL, false, NULL, '2009-06-25 12:52:39.908741', '2009-06-25 12:52:39.908741');
INSERT INTO tickets (id, state, group_id, event_id, occasion_id, district_id, companion_id, adult, user_id, wheelchair, booked_when, created_at, updated_at) VALUES (82, 0, 22, 1, NULL, 4, NULL, NULL, NULL, false, NULL, '2009-06-25 12:52:39.944149', '2009-06-25 12:52:39.944149');
INSERT INTO tickets (id, state, group_id, event_id, occasion_id, district_id, companion_id, adult, user_id, wheelchair, booked_when, created_at, updated_at) VALUES (83, 0, 22, 1, NULL, 4, NULL, NULL, NULL, false, NULL, '2009-06-25 12:52:39.977672', '2009-06-25 12:52:39.977672');
INSERT INTO tickets (id, state, group_id, event_id, occasion_id, district_id, companion_id, adult, user_id, wheelchair, booked_when, created_at, updated_at) VALUES (84, 0, 22, 1, NULL, 4, NULL, NULL, NULL, false, NULL, '2009-06-25 12:52:40.013976', '2009-06-25 12:52:40.013976');
INSERT INTO tickets (id, state, group_id, event_id, occasion_id, district_id, companion_id, adult, user_id, wheelchair, booked_when, created_at, updated_at) VALUES (85, 0, 22, 1, NULL, 4, NULL, NULL, NULL, false, NULL, '2009-06-25 12:52:40.049387', '2009-06-25 12:52:40.049387');
INSERT INTO tickets (id, state, group_id, event_id, occasion_id, district_id, companion_id, adult, user_id, wheelchair, booked_when, created_at, updated_at) VALUES (86, 0, 22, 1, NULL, 4, NULL, NULL, NULL, false, NULL, '2009-06-25 12:52:40.088566', '2009-06-25 12:52:40.088566');
INSERT INTO tickets (id, state, group_id, event_id, occasion_id, district_id, companion_id, adult, user_id, wheelchair, booked_when, created_at, updated_at) VALUES (87, 0, 22, 1, NULL, 4, NULL, NULL, NULL, false, NULL, '2009-06-25 12:52:40.129072', '2009-06-25 12:52:40.129072');
INSERT INTO tickets (id, state, group_id, event_id, occasion_id, district_id, companion_id, adult, user_id, wheelchair, booked_when, created_at, updated_at) VALUES (88, 0, 22, 1, NULL, 4, NULL, NULL, NULL, false, NULL, '2009-06-25 12:52:40.164728', '2009-06-25 12:52:40.164728');
INSERT INTO tickets (id, state, group_id, event_id, occasion_id, district_id, companion_id, adult, user_id, wheelchair, booked_when, created_at, updated_at) VALUES (89, 0, 22, 1, NULL, 4, NULL, NULL, NULL, false, NULL, '2009-06-25 12:52:40.203404', '2009-06-25 12:52:40.203404');
INSERT INTO tickets (id, state, group_id, event_id, occasion_id, district_id, companion_id, adult, user_id, wheelchair, booked_when, created_at, updated_at) VALUES (90, 0, 22, 1, NULL, 4, NULL, NULL, NULL, false, NULL, '2009-06-25 12:52:40.244002', '2009-06-25 12:52:40.244002');
INSERT INTO tickets (id, state, group_id, event_id, occasion_id, district_id, companion_id, adult, user_id, wheelchair, booked_when, created_at, updated_at) VALUES (91, 0, 22, 1, NULL, 4, NULL, NULL, NULL, false, NULL, '2009-06-25 12:52:40.285094', '2009-06-25 12:52:40.285094');
INSERT INTO tickets (id, state, group_id, event_id, occasion_id, district_id, companion_id, adult, user_id, wheelchair, booked_when, created_at, updated_at) VALUES (92, 0, 30, 1, NULL, 5, NULL, NULL, NULL, false, NULL, '2009-06-25 12:52:40.32568', '2009-06-25 12:52:40.32568');
INSERT INTO tickets (id, state, group_id, event_id, occasion_id, district_id, companion_id, adult, user_id, wheelchair, booked_when, created_at, updated_at) VALUES (93, 0, 30, 1, NULL, 5, NULL, NULL, NULL, false, NULL, '2009-06-25 12:52:40.366074', '2009-06-25 12:52:40.366074');
INSERT INTO tickets (id, state, group_id, event_id, occasion_id, district_id, companion_id, adult, user_id, wheelchair, booked_when, created_at, updated_at) VALUES (94, 0, 30, 1, NULL, 5, NULL, NULL, NULL, false, NULL, '2009-06-25 12:52:40.398842', '2009-06-25 12:52:40.398842');
INSERT INTO tickets (id, state, group_id, event_id, occasion_id, district_id, companion_id, adult, user_id, wheelchair, booked_when, created_at, updated_at) VALUES (95, 0, 30, 1, NULL, 5, NULL, NULL, NULL, false, NULL, '2009-06-25 12:52:40.433237', '2009-06-25 12:52:40.433237');
INSERT INTO tickets (id, state, group_id, event_id, occasion_id, district_id, companion_id, adult, user_id, wheelchair, booked_when, created_at, updated_at) VALUES (96, 0, 30, 1, NULL, 5, NULL, NULL, NULL, false, NULL, '2009-06-25 12:52:40.46752', '2009-06-25 12:52:40.46752');
INSERT INTO tickets (id, state, group_id, event_id, occasion_id, district_id, companion_id, adult, user_id, wheelchair, booked_when, created_at, updated_at) VALUES (97, 0, 30, 1, NULL, 5, NULL, NULL, NULL, false, NULL, '2009-06-25 12:52:40.508013', '2009-06-25 12:52:40.508013');
INSERT INTO tickets (id, state, group_id, event_id, occasion_id, district_id, companion_id, adult, user_id, wheelchair, booked_when, created_at, updated_at) VALUES (98, 0, 30, 1, NULL, 5, NULL, NULL, NULL, false, NULL, '2009-06-25 12:52:40.541439', '2009-06-25 12:52:40.541439');
INSERT INTO tickets (id, state, group_id, event_id, occasion_id, district_id, companion_id, adult, user_id, wheelchair, booked_when, created_at, updated_at) VALUES (99, 0, 30, 1, NULL, 5, NULL, NULL, NULL, false, NULL, '2009-06-25 12:52:40.573355', '2009-06-25 12:52:40.573355');
INSERT INTO tickets (id, state, group_id, event_id, occasion_id, district_id, companion_id, adult, user_id, wheelchair, booked_when, created_at, updated_at) VALUES (100, 0, 30, 1, NULL, 5, NULL, NULL, NULL, false, NULL, '2009-06-25 12:52:40.609084', '2009-06-25 12:52:40.609084');
INSERT INTO tickets (id, state, group_id, event_id, occasion_id, district_id, companion_id, adult, user_id, wheelchair, booked_when, created_at, updated_at) VALUES (101, 0, 30, 1, NULL, 5, NULL, NULL, NULL, false, NULL, '2009-06-25 12:52:40.643168', '2009-06-25 12:52:40.643168');
INSERT INTO tickets (id, state, group_id, event_id, occasion_id, district_id, companion_id, adult, user_id, wheelchair, booked_when, created_at, updated_at) VALUES (102, 0, 36, 1, NULL, 6, NULL, NULL, NULL, false, NULL, '2009-06-25 12:52:40.680758', '2009-06-25 12:52:40.680758');
INSERT INTO tickets (id, state, group_id, event_id, occasion_id, district_id, companion_id, adult, user_id, wheelchair, booked_when, created_at, updated_at) VALUES (103, 0, 36, 1, NULL, 6, NULL, NULL, NULL, false, NULL, '2009-06-25 12:52:40.730071', '2009-06-25 12:52:40.730071');
INSERT INTO tickets (id, state, group_id, event_id, occasion_id, district_id, companion_id, adult, user_id, wheelchair, booked_when, created_at, updated_at) VALUES (104, 0, 36, 1, NULL, 6, NULL, NULL, NULL, false, NULL, '2009-06-25 12:52:41.184987', '2009-06-25 12:52:41.184987');
INSERT INTO tickets (id, state, group_id, event_id, occasion_id, district_id, companion_id, adult, user_id, wheelchair, booked_when, created_at, updated_at) VALUES (105, 0, 36, 1, NULL, 6, NULL, NULL, NULL, false, NULL, '2009-06-25 12:52:41.218918', '2009-06-25 12:52:41.218918');
INSERT INTO tickets (id, state, group_id, event_id, occasion_id, district_id, companion_id, adult, user_id, wheelchair, booked_when, created_at, updated_at) VALUES (106, 0, 36, 1, NULL, 6, NULL, NULL, NULL, false, NULL, '2009-06-25 12:52:41.259086', '2009-06-25 12:52:41.259086');
INSERT INTO tickets (id, state, group_id, event_id, occasion_id, district_id, companion_id, adult, user_id, wheelchair, booked_when, created_at, updated_at) VALUES (107, 0, 36, 1, NULL, 6, NULL, NULL, NULL, false, NULL, '2009-06-25 12:52:41.302939', '2009-06-25 12:52:41.302939');
INSERT INTO tickets (id, state, group_id, event_id, occasion_id, district_id, companion_id, adult, user_id, wheelchair, booked_when, created_at, updated_at) VALUES (108, 0, 36, 1, NULL, 6, NULL, NULL, NULL, false, NULL, '2009-06-25 12:52:41.341112', '2009-06-25 12:52:41.341112');
INSERT INTO tickets (id, state, group_id, event_id, occasion_id, district_id, companion_id, adult, user_id, wheelchair, booked_when, created_at, updated_at) VALUES (109, 0, 36, 1, NULL, 6, NULL, NULL, NULL, false, NULL, '2009-06-25 12:52:41.374902', '2009-06-25 12:52:41.374902');
INSERT INTO tickets (id, state, group_id, event_id, occasion_id, district_id, companion_id, adult, user_id, wheelchair, booked_when, created_at, updated_at) VALUES (110, 0, 36, 1, NULL, 6, NULL, NULL, NULL, false, NULL, '2009-06-25 12:52:41.407665', '2009-06-25 12:52:41.407665');
INSERT INTO tickets (id, state, group_id, event_id, occasion_id, district_id, companion_id, adult, user_id, wheelchair, booked_when, created_at, updated_at) VALUES (111, 0, 36, 1, NULL, 6, NULL, NULL, NULL, false, NULL, '2009-06-25 12:52:41.447304', '2009-06-25 12:52:41.447304');
INSERT INTO tickets (id, state, group_id, event_id, occasion_id, district_id, companion_id, adult, user_id, wheelchair, booked_when, created_at, updated_at) VALUES (112, 0, 36, 1, NULL, 6, NULL, NULL, NULL, false, NULL, '2009-06-25 12:52:41.480631', '2009-06-25 12:52:41.480631');
INSERT INTO tickets (id, state, group_id, event_id, occasion_id, district_id, companion_id, adult, user_id, wheelchair, booked_when, created_at, updated_at) VALUES (113, 0, 43, 1, NULL, 7, NULL, NULL, NULL, false, NULL, '2009-06-25 12:52:41.515445', '2009-06-25 12:52:41.515445');
INSERT INTO tickets (id, state, group_id, event_id, occasion_id, district_id, companion_id, adult, user_id, wheelchair, booked_when, created_at, updated_at) VALUES (114, 0, 43, 1, NULL, 7, NULL, NULL, NULL, false, NULL, '2009-06-25 12:52:41.548533', '2009-06-25 12:52:41.548533');
INSERT INTO tickets (id, state, group_id, event_id, occasion_id, district_id, companion_id, adult, user_id, wheelchair, booked_when, created_at, updated_at) VALUES (115, 0, 43, 1, NULL, 7, NULL, NULL, NULL, false, NULL, '2009-06-25 12:52:41.582144', '2009-06-25 12:52:41.582144');
INSERT INTO tickets (id, state, group_id, event_id, occasion_id, district_id, companion_id, adult, user_id, wheelchair, booked_when, created_at, updated_at) VALUES (116, 0, 43, 1, NULL, 7, NULL, NULL, NULL, false, NULL, '2009-06-25 12:52:41.615819', '2009-06-25 12:52:41.615819');
INSERT INTO tickets (id, state, group_id, event_id, occasion_id, district_id, companion_id, adult, user_id, wheelchair, booked_when, created_at, updated_at) VALUES (117, 0, 43, 1, NULL, 7, NULL, NULL, NULL, false, NULL, '2009-06-25 12:52:41.658725', '2009-06-25 12:52:41.658725');
INSERT INTO tickets (id, state, group_id, event_id, occasion_id, district_id, companion_id, adult, user_id, wheelchair, booked_when, created_at, updated_at) VALUES (118, 0, 43, 1, NULL, 7, NULL, NULL, NULL, false, NULL, '2009-06-25 12:52:41.693593', '2009-06-25 12:52:41.693593');
INSERT INTO tickets (id, state, group_id, event_id, occasion_id, district_id, companion_id, adult, user_id, wheelchair, booked_when, created_at, updated_at) VALUES (119, 0, 43, 1, NULL, 7, NULL, NULL, NULL, false, NULL, '2009-06-25 12:52:41.734364', '2009-06-25 12:52:41.734364');
INSERT INTO tickets (id, state, group_id, event_id, occasion_id, district_id, companion_id, adult, user_id, wheelchair, booked_when, created_at, updated_at) VALUES (120, 0, 43, 1, NULL, 7, NULL, NULL, NULL, false, NULL, '2009-06-25 12:52:41.766816', '2009-06-25 12:52:41.766816');
INSERT INTO tickets (id, state, group_id, event_id, occasion_id, district_id, companion_id, adult, user_id, wheelchair, booked_when, created_at, updated_at) VALUES (121, 0, 43, 1, NULL, 7, NULL, NULL, NULL, false, NULL, '2009-06-25 12:52:41.804466', '2009-06-25 12:52:41.804466');
INSERT INTO tickets (id, state, group_id, event_id, occasion_id, district_id, companion_id, adult, user_id, wheelchair, booked_when, created_at, updated_at) VALUES (122, 0, 43, 1, NULL, 7, NULL, NULL, NULL, false, NULL, '2009-06-25 12:52:41.844997', '2009-06-25 12:52:41.844997');
INSERT INTO tickets (id, state, group_id, event_id, occasion_id, district_id, companion_id, adult, user_id, wheelchair, booked_when, created_at, updated_at) VALUES (123, 0, 43, 1, NULL, 7, NULL, NULL, NULL, false, NULL, '2009-06-25 12:52:41.879209', '2009-06-25 12:52:41.879209');
INSERT INTO tickets (id, state, group_id, event_id, occasion_id, district_id, companion_id, adult, user_id, wheelchair, booked_when, created_at, updated_at) VALUES (124, 0, 43, 1, NULL, 7, NULL, NULL, NULL, false, NULL, '2009-06-25 12:52:41.913913', '2009-06-25 12:52:41.913913');
INSERT INTO tickets (id, state, group_id, event_id, occasion_id, district_id, companion_id, adult, user_id, wheelchair, booked_when, created_at, updated_at) VALUES (125, 0, 43, 1, NULL, 7, NULL, NULL, NULL, false, NULL, '2009-06-25 12:52:41.953384', '2009-06-25 12:52:41.953384');
INSERT INTO tickets (id, state, group_id, event_id, occasion_id, district_id, companion_id, adult, user_id, wheelchair, booked_when, created_at, updated_at) VALUES (126, 0, 43, 1, NULL, 7, NULL, NULL, NULL, false, NULL, '2009-06-25 12:52:42.030377', '2009-06-25 12:52:42.030377');
INSERT INTO tickets (id, state, group_id, event_id, occasion_id, district_id, companion_id, adult, user_id, wheelchair, booked_when, created_at, updated_at) VALUES (127, 0, 43, 1, NULL, 7, NULL, NULL, NULL, false, NULL, '2009-06-25 12:52:42.120013', '2009-06-25 12:52:42.120013');
INSERT INTO tickets (id, state, group_id, event_id, occasion_id, district_id, companion_id, adult, user_id, wheelchair, booked_when, created_at, updated_at) VALUES (128, 0, 50, 1, NULL, 8, NULL, NULL, NULL, false, NULL, '2009-06-25 12:52:42.425641', '2009-06-25 12:52:42.425641');
INSERT INTO tickets (id, state, group_id, event_id, occasion_id, district_id, companion_id, adult, user_id, wheelchair, booked_when, created_at, updated_at) VALUES (129, 0, 50, 1, NULL, 8, NULL, NULL, NULL, false, NULL, '2009-06-25 12:52:42.476822', '2009-06-25 12:52:42.476822');
INSERT INTO tickets (id, state, group_id, event_id, occasion_id, district_id, companion_id, adult, user_id, wheelchair, booked_when, created_at, updated_at) VALUES (130, 0, 50, 1, NULL, 8, NULL, NULL, NULL, false, NULL, '2009-06-25 12:52:42.519662', '2009-06-25 12:52:42.519662');
INSERT INTO tickets (id, state, group_id, event_id, occasion_id, district_id, companion_id, adult, user_id, wheelchair, booked_when, created_at, updated_at) VALUES (131, 0, 50, 1, NULL, 8, NULL, NULL, NULL, false, NULL, '2009-06-25 12:52:42.553553', '2009-06-25 12:52:42.553553');
INSERT INTO tickets (id, state, group_id, event_id, occasion_id, district_id, companion_id, adult, user_id, wheelchair, booked_when, created_at, updated_at) VALUES (132, 0, 50, 1, NULL, 8, NULL, NULL, NULL, false, NULL, '2009-06-25 12:52:42.587213', '2009-06-25 12:52:42.587213');
INSERT INTO tickets (id, state, group_id, event_id, occasion_id, district_id, companion_id, adult, user_id, wheelchair, booked_when, created_at, updated_at) VALUES (133, 0, 50, 1, NULL, 8, NULL, NULL, NULL, false, NULL, '2009-06-25 12:52:42.61944', '2009-06-25 12:52:42.61944');
INSERT INTO tickets (id, state, group_id, event_id, occasion_id, district_id, companion_id, adult, user_id, wheelchair, booked_when, created_at, updated_at) VALUES (134, 0, 50, 1, NULL, 8, NULL, NULL, NULL, false, NULL, '2009-06-25 12:52:42.653002', '2009-06-25 12:52:42.653002');
INSERT INTO tickets (id, state, group_id, event_id, occasion_id, district_id, companion_id, adult, user_id, wheelchair, booked_when, created_at, updated_at) VALUES (135, 0, 50, 1, NULL, 8, NULL, NULL, NULL, false, NULL, '2009-06-25 12:52:42.685765', '2009-06-25 12:52:42.685765');
INSERT INTO tickets (id, state, group_id, event_id, occasion_id, district_id, companion_id, adult, user_id, wheelchair, booked_when, created_at, updated_at) VALUES (136, 0, 50, 1, NULL, 8, NULL, NULL, NULL, false, NULL, '2009-06-25 12:52:42.722369', '2009-06-25 12:52:42.722369');
INSERT INTO tickets (id, state, group_id, event_id, occasion_id, district_id, companion_id, adult, user_id, wheelchair, booked_when, created_at, updated_at) VALUES (137, 0, 50, 1, NULL, 8, NULL, NULL, NULL, false, NULL, '2009-06-25 12:52:42.754369', '2009-06-25 12:52:42.754369');
INSERT INTO tickets (id, state, group_id, event_id, occasion_id, district_id, companion_id, adult, user_id, wheelchair, booked_when, created_at, updated_at) VALUES (138, 0, 50, 1, NULL, 8, NULL, NULL, NULL, false, NULL, '2009-06-25 12:52:42.788679', '2009-06-25 12:52:42.788679');
INSERT INTO tickets (id, state, group_id, event_id, occasion_id, district_id, companion_id, adult, user_id, wheelchair, booked_when, created_at, updated_at) VALUES (139, 0, 50, 1, NULL, 8, NULL, NULL, NULL, false, NULL, '2009-06-25 12:52:42.82314', '2009-06-25 12:52:42.82314');
INSERT INTO tickets (id, state, group_id, event_id, occasion_id, district_id, companion_id, adult, user_id, wheelchair, booked_when, created_at, updated_at) VALUES (140, 0, 50, 1, NULL, 8, NULL, NULL, NULL, false, NULL, '2009-06-25 12:52:42.85589', '2009-06-25 12:52:42.85589');
INSERT INTO tickets (id, state, group_id, event_id, occasion_id, district_id, companion_id, adult, user_id, wheelchair, booked_when, created_at, updated_at) VALUES (141, 0, 50, 1, NULL, 8, NULL, NULL, NULL, false, NULL, '2009-06-25 12:52:42.889415', '2009-06-25 12:52:42.889415');
INSERT INTO tickets (id, state, group_id, event_id, occasion_id, district_id, companion_id, adult, user_id, wheelchair, booked_when, created_at, updated_at) VALUES (142, 0, 50, 1, NULL, 8, NULL, NULL, NULL, false, NULL, '2009-06-25 12:52:42.922551', '2009-06-25 12:52:42.922551');
INSERT INTO tickets (id, state, group_id, event_id, occasion_id, district_id, companion_id, adult, user_id, wheelchair, booked_when, created_at, updated_at) VALUES (143, 0, 50, 1, NULL, 8, NULL, NULL, NULL, false, NULL, '2009-06-25 12:52:42.951428', '2009-06-25 12:52:42.951428');
INSERT INTO tickets (id, state, group_id, event_id, occasion_id, district_id, companion_id, adult, user_id, wheelchair, booked_when, created_at, updated_at) VALUES (144, 0, 71, 1, NULL, 1, NULL, NULL, NULL, false, NULL, '2009-06-25 12:52:42.984368', '2009-06-25 12:52:42.984368');
INSERT INTO tickets (id, state, group_id, event_id, occasion_id, district_id, companion_id, adult, user_id, wheelchair, booked_when, created_at, updated_at) VALUES (145, 0, 71, 1, NULL, 1, NULL, NULL, NULL, false, NULL, '2009-06-25 12:52:43.016191', '2009-06-25 12:52:43.016191');
INSERT INTO tickets (id, state, group_id, event_id, occasion_id, district_id, companion_id, adult, user_id, wheelchair, booked_when, created_at, updated_at) VALUES (146, 0, 71, 1, NULL, 1, NULL, NULL, NULL, false, NULL, '2009-06-25 12:52:43.051787', '2009-06-25 12:52:43.051787');
INSERT INTO tickets (id, state, group_id, event_id, occasion_id, district_id, companion_id, adult, user_id, wheelchair, booked_when, created_at, updated_at) VALUES (147, 0, 71, 1, NULL, 1, NULL, NULL, NULL, false, NULL, '2009-06-25 12:52:43.08422', '2009-06-25 12:52:43.08422');
INSERT INTO tickets (id, state, group_id, event_id, occasion_id, district_id, companion_id, adult, user_id, wheelchair, booked_when, created_at, updated_at) VALUES (148, 0, 71, 1, NULL, 1, NULL, NULL, NULL, false, NULL, '2009-06-25 12:52:43.115774', '2009-06-25 12:52:43.115774');
INSERT INTO tickets (id, state, group_id, event_id, occasion_id, district_id, companion_id, adult, user_id, wheelchair, booked_when, created_at, updated_at) VALUES (149, 0, 71, 1, NULL, 1, NULL, NULL, NULL, false, NULL, '2009-06-25 12:52:43.1467', '2009-06-25 12:52:43.1467');
INSERT INTO tickets (id, state, group_id, event_id, occasion_id, district_id, companion_id, adult, user_id, wheelchair, booked_when, created_at, updated_at) VALUES (150, 0, 71, 1, NULL, 1, NULL, NULL, NULL, false, NULL, '2009-06-25 12:52:43.178194', '2009-06-25 12:52:43.178194');
INSERT INTO tickets (id, state, group_id, event_id, occasion_id, district_id, companion_id, adult, user_id, wheelchair, booked_when, created_at, updated_at) VALUES (151, 0, 71, 1, NULL, 1, NULL, NULL, NULL, false, NULL, '2009-06-25 12:52:43.212086', '2009-06-25 12:52:43.212086');
INSERT INTO tickets (id, state, group_id, event_id, occasion_id, district_id, companion_id, adult, user_id, wheelchair, booked_when, created_at, updated_at) VALUES (152, 0, 71, 1, NULL, 1, NULL, NULL, NULL, false, NULL, '2009-06-25 12:52:43.243811', '2009-06-25 12:52:43.243811');
INSERT INTO tickets (id, state, group_id, event_id, occasion_id, district_id, companion_id, adult, user_id, wheelchair, booked_when, created_at, updated_at) VALUES (153, 0, 71, 1, NULL, 1, NULL, NULL, NULL, false, NULL, '2009-06-25 12:52:43.273085', '2009-06-25 12:52:43.273085');
INSERT INTO tickets (id, state, group_id, event_id, occasion_id, district_id, companion_id, adult, user_id, wheelchair, booked_when, created_at, updated_at) VALUES (154, 0, 71, 1, NULL, 1, NULL, NULL, NULL, false, NULL, '2009-06-25 12:52:43.302394', '2009-06-25 12:52:43.302394');
INSERT INTO tickets (id, state, group_id, event_id, occasion_id, district_id, companion_id, adult, user_id, wheelchair, booked_when, created_at, updated_at) VALUES (155, 0, 71, 1, NULL, 1, NULL, NULL, NULL, false, NULL, '2009-06-25 12:52:43.336805', '2009-06-25 12:52:43.336805');
INSERT INTO tickets (id, state, group_id, event_id, occasion_id, district_id, companion_id, adult, user_id, wheelchair, booked_when, created_at, updated_at) VALUES (156, 0, 71, 1, NULL, 1, NULL, NULL, NULL, false, NULL, '2009-06-25 12:52:43.370801', '2009-06-25 12:52:43.370801');
INSERT INTO tickets (id, state, group_id, event_id, occasion_id, district_id, companion_id, adult, user_id, wheelchair, booked_when, created_at, updated_at) VALUES (157, 0, 71, 1, NULL, 1, NULL, NULL, NULL, false, NULL, '2009-06-25 12:52:43.405337', '2009-06-25 12:52:43.405337');
INSERT INTO tickets (id, state, group_id, event_id, occasion_id, district_id, companion_id, adult, user_id, wheelchair, booked_when, created_at, updated_at) VALUES (158, 0, 71, 1, NULL, 1, NULL, NULL, NULL, false, NULL, '2009-06-25 12:52:43.437585', '2009-06-25 12:52:43.437585');
INSERT INTO tickets (id, state, group_id, event_id, occasion_id, district_id, companion_id, adult, user_id, wheelchair, booked_when, created_at, updated_at) VALUES (159, 0, 71, 1, NULL, 1, NULL, NULL, NULL, false, NULL, '2009-06-25 12:52:43.470581', '2009-06-25 12:52:43.470581');
INSERT INTO tickets (id, state, group_id, event_id, occasion_id, district_id, companion_id, adult, user_id, wheelchair, booked_when, created_at, updated_at) VALUES (160, 0, 71, 1, NULL, 1, NULL, NULL, NULL, false, NULL, '2009-06-25 12:52:43.500588', '2009-06-25 12:52:43.500588');
INSERT INTO tickets (id, state, group_id, event_id, occasion_id, district_id, companion_id, adult, user_id, wheelchair, booked_when, created_at, updated_at) VALUES (161, 0, 71, 1, NULL, 1, NULL, NULL, NULL, false, NULL, '2009-06-25 12:52:43.986897', '2009-06-25 12:52:43.986897');
INSERT INTO tickets (id, state, group_id, event_id, occasion_id, district_id, companion_id, adult, user_id, wheelchair, booked_when, created_at, updated_at) VALUES (162, 0, 71, 1, NULL, 1, NULL, NULL, NULL, false, NULL, '2009-06-25 12:52:44.024136', '2009-06-25 12:52:44.024136');
INSERT INTO tickets (id, state, group_id, event_id, occasion_id, district_id, companion_id, adult, user_id, wheelchair, booked_when, created_at, updated_at) VALUES (163, 0, 71, 1, NULL, 1, NULL, NULL, NULL, false, NULL, '2009-06-25 12:52:44.057933', '2009-06-25 12:52:44.057933');
INSERT INTO tickets (id, state, group_id, event_id, occasion_id, district_id, companion_id, adult, user_id, wheelchair, booked_when, created_at, updated_at) VALUES (164, 0, 71, 1, NULL, 1, NULL, NULL, NULL, false, NULL, '2009-06-25 12:52:44.090893', '2009-06-25 12:52:44.090893');
INSERT INTO tickets (id, state, group_id, event_id, occasion_id, district_id, companion_id, adult, user_id, wheelchair, booked_when, created_at, updated_at) VALUES (165, 0, 71, 1, NULL, 1, NULL, NULL, NULL, false, NULL, '2009-06-25 12:52:44.125472', '2009-06-25 12:52:44.125472');
INSERT INTO tickets (id, state, group_id, event_id, occasion_id, district_id, companion_id, adult, user_id, wheelchair, booked_when, created_at, updated_at) VALUES (166, 0, 71, 1, NULL, 1, NULL, NULL, NULL, false, NULL, '2009-06-25 12:52:44.162536', '2009-06-25 12:52:44.162536');
INSERT INTO tickets (id, state, group_id, event_id, occasion_id, district_id, companion_id, adult, user_id, wheelchair, booked_when, created_at, updated_at) VALUES (167, 0, 92, 1, NULL, 4, NULL, NULL, NULL, false, NULL, '2009-06-25 12:52:44.198474', '2009-06-25 12:52:44.198474');
INSERT INTO tickets (id, state, group_id, event_id, occasion_id, district_id, companion_id, adult, user_id, wheelchair, booked_when, created_at, updated_at) VALUES (168, 0, 92, 1, NULL, 4, NULL, NULL, NULL, false, NULL, '2009-06-25 12:52:44.22891', '2009-06-25 12:52:44.22891');
INSERT INTO tickets (id, state, group_id, event_id, occasion_id, district_id, companion_id, adult, user_id, wheelchair, booked_when, created_at, updated_at) VALUES (169, 0, 92, 1, NULL, 4, NULL, NULL, NULL, false, NULL, '2009-06-25 12:52:44.260133', '2009-06-25 12:52:44.260133');
INSERT INTO tickets (id, state, group_id, event_id, occasion_id, district_id, companion_id, adult, user_id, wheelchair, booked_when, created_at, updated_at) VALUES (170, 0, 92, 1, NULL, 4, NULL, NULL, NULL, false, NULL, '2009-06-25 12:52:44.30195', '2009-06-25 12:52:44.30195');
INSERT INTO tickets (id, state, group_id, event_id, occasion_id, district_id, companion_id, adult, user_id, wheelchair, booked_when, created_at, updated_at) VALUES (171, 0, 92, 1, NULL, 4, NULL, NULL, NULL, false, NULL, '2009-06-25 12:52:44.338074', '2009-06-25 12:52:44.338074');
INSERT INTO tickets (id, state, group_id, event_id, occasion_id, district_id, companion_id, adult, user_id, wheelchair, booked_when, created_at, updated_at) VALUES (172, 0, 92, 1, NULL, 4, NULL, NULL, NULL, false, NULL, '2009-06-25 12:52:44.369677', '2009-06-25 12:52:44.369677');
INSERT INTO tickets (id, state, group_id, event_id, occasion_id, district_id, companion_id, adult, user_id, wheelchair, booked_when, created_at, updated_at) VALUES (173, 0, 92, 1, NULL, 4, NULL, NULL, NULL, false, NULL, '2009-06-25 12:52:44.401089', '2009-06-25 12:52:44.401089');
INSERT INTO tickets (id, state, group_id, event_id, occasion_id, district_id, companion_id, adult, user_id, wheelchair, booked_when, created_at, updated_at) VALUES (174, 0, 92, 1, NULL, 4, NULL, NULL, NULL, false, NULL, '2009-06-25 12:52:44.439817', '2009-06-25 12:52:44.439817');
INSERT INTO tickets (id, state, group_id, event_id, occasion_id, district_id, companion_id, adult, user_id, wheelchair, booked_when, created_at, updated_at) VALUES (175, 0, 92, 1, NULL, 4, NULL, NULL, NULL, false, NULL, '2009-06-25 12:52:44.474132', '2009-06-25 12:52:44.474132');
INSERT INTO tickets (id, state, group_id, event_id, occasion_id, district_id, companion_id, adult, user_id, wheelchair, booked_when, created_at, updated_at) VALUES (176, 0, 92, 1, NULL, 4, NULL, NULL, NULL, false, NULL, '2009-06-25 12:52:44.508117', '2009-06-25 12:52:44.508117');
INSERT INTO tickets (id, state, group_id, event_id, occasion_id, district_id, companion_id, adult, user_id, wheelchair, booked_when, created_at, updated_at) VALUES (177, 0, 92, 1, NULL, 4, NULL, NULL, NULL, false, NULL, '2009-06-25 12:52:44.547826', '2009-06-25 12:52:44.547826');
INSERT INTO tickets (id, state, group_id, event_id, occasion_id, district_id, companion_id, adult, user_id, wheelchair, booked_when, created_at, updated_at) VALUES (178, 0, 92, 1, NULL, 4, NULL, NULL, NULL, false, NULL, '2009-06-25 12:52:44.582057', '2009-06-25 12:52:44.582057');
INSERT INTO tickets (id, state, group_id, event_id, occasion_id, district_id, companion_id, adult, user_id, wheelchair, booked_when, created_at, updated_at) VALUES (179, 0, 92, 1, NULL, 4, NULL, NULL, NULL, false, NULL, '2009-06-25 12:52:44.616515', '2009-06-25 12:52:44.616515');
INSERT INTO tickets (id, state, group_id, event_id, occasion_id, district_id, companion_id, adult, user_id, wheelchair, booked_when, created_at, updated_at) VALUES (180, 0, 92, 1, NULL, 4, NULL, NULL, NULL, false, NULL, '2009-06-25 12:52:44.653052', '2009-06-25 12:52:44.653052');
INSERT INTO tickets (id, state, group_id, event_id, occasion_id, district_id, companion_id, adult, user_id, wheelchair, booked_when, created_at, updated_at) VALUES (181, 0, 92, 1, NULL, 4, NULL, NULL, NULL, false, NULL, '2009-06-25 12:52:44.691914', '2009-06-25 12:52:44.691914');
INSERT INTO tickets (id, state, group_id, event_id, occasion_id, district_id, companion_id, adult, user_id, wheelchair, booked_when, created_at, updated_at) VALUES (182, 0, 92, 1, NULL, 4, NULL, NULL, NULL, false, NULL, '2009-06-25 12:52:44.727199', '2009-06-25 12:52:44.727199');
INSERT INTO tickets (id, state, group_id, event_id, occasion_id, district_id, companion_id, adult, user_id, wheelchair, booked_when, created_at, updated_at) VALUES (183, 0, 92, 1, NULL, 4, NULL, NULL, NULL, false, NULL, '2009-06-25 12:52:44.764144', '2009-06-25 12:52:44.764144');
INSERT INTO tickets (id, state, group_id, event_id, occasion_id, district_id, companion_id, adult, user_id, wheelchair, booked_when, created_at, updated_at) VALUES (184, 0, 92, 1, NULL, 4, NULL, NULL, NULL, false, NULL, '2009-06-25 12:52:44.800058', '2009-06-25 12:52:44.800058');
INSERT INTO tickets (id, state, group_id, event_id, occasion_id, district_id, companion_id, adult, user_id, wheelchair, booked_when, created_at, updated_at) VALUES (185, 0, 92, 1, NULL, 4, NULL, NULL, NULL, false, NULL, '2009-06-25 12:52:44.837266', '2009-06-25 12:52:44.837266');
INSERT INTO tickets (id, state, group_id, event_id, occasion_id, district_id, companion_id, adult, user_id, wheelchair, booked_when, created_at, updated_at) VALUES (186, 0, 92, 1, NULL, 4, NULL, NULL, NULL, false, NULL, '2009-06-25 12:52:44.8691', '2009-06-25 12:52:44.8691');
INSERT INTO tickets (id, state, group_id, event_id, occasion_id, district_id, companion_id, adult, user_id, wheelchair, booked_when, created_at, updated_at) VALUES (187, 0, 141, 1, NULL, 1, NULL, NULL, NULL, false, NULL, '2009-06-25 12:52:44.908031', '2009-06-25 12:52:44.908031');
INSERT INTO tickets (id, state, group_id, event_id, occasion_id, district_id, companion_id, adult, user_id, wheelchair, booked_when, created_at, updated_at) VALUES (188, 0, 141, 1, NULL, 1, NULL, NULL, NULL, false, NULL, '2009-06-25 12:52:44.94921', '2009-06-25 12:52:44.94921');
INSERT INTO tickets (id, state, group_id, event_id, occasion_id, district_id, companion_id, adult, user_id, wheelchair, booked_when, created_at, updated_at) VALUES (189, 0, 141, 1, NULL, 1, NULL, NULL, NULL, false, NULL, '2009-06-25 12:52:44.991188', '2009-06-25 12:52:44.991188');
INSERT INTO tickets (id, state, group_id, event_id, occasion_id, district_id, companion_id, adult, user_id, wheelchair, booked_when, created_at, updated_at) VALUES (190, 0, 141, 1, NULL, 1, NULL, NULL, NULL, false, NULL, '2009-06-25 12:52:45.024407', '2009-06-25 12:52:45.024407');
INSERT INTO tickets (id, state, group_id, event_id, occasion_id, district_id, companion_id, adult, user_id, wheelchair, booked_when, created_at, updated_at) VALUES (191, 0, 141, 1, NULL, 1, NULL, NULL, NULL, false, NULL, '2009-06-25 12:52:45.058671', '2009-06-25 12:52:45.058671');
INSERT INTO tickets (id, state, group_id, event_id, occasion_id, district_id, companion_id, adult, user_id, wheelchair, booked_when, created_at, updated_at) VALUES (192, 0, 141, 1, NULL, 1, NULL, NULL, NULL, false, NULL, '2009-06-25 12:52:45.099837', '2009-06-25 12:52:45.099837');
INSERT INTO tickets (id, state, group_id, event_id, occasion_id, district_id, companion_id, adult, user_id, wheelchair, booked_when, created_at, updated_at) VALUES (193, 0, 141, 1, NULL, 1, NULL, NULL, NULL, false, NULL, '2009-06-25 12:52:45.130242', '2009-06-25 12:52:45.130242');
INSERT INTO tickets (id, state, group_id, event_id, occasion_id, district_id, companion_id, adult, user_id, wheelchair, booked_when, created_at, updated_at) VALUES (194, 0, 141, 1, NULL, 1, NULL, NULL, NULL, false, NULL, '2009-06-25 12:52:45.160831', '2009-06-25 12:52:45.160831');
INSERT INTO tickets (id, state, group_id, event_id, occasion_id, district_id, companion_id, adult, user_id, wheelchair, booked_when, created_at, updated_at) VALUES (195, 0, 141, 1, NULL, 1, NULL, NULL, NULL, false, NULL, '2009-06-25 12:52:45.192908', '2009-06-25 12:52:45.192908');
INSERT INTO tickets (id, state, group_id, event_id, occasion_id, district_id, companion_id, adult, user_id, wheelchair, booked_when, created_at, updated_at) VALUES (196, 0, 141, 1, NULL, 1, NULL, NULL, NULL, false, NULL, '2009-06-25 12:52:45.23212', '2009-06-25 12:52:45.23212');
INSERT INTO tickets (id, state, group_id, event_id, occasion_id, district_id, companion_id, adult, user_id, wheelchair, booked_when, created_at, updated_at) VALUES (197, 0, 141, 1, NULL, 1, NULL, NULL, NULL, false, NULL, '2009-06-25 12:52:45.267598', '2009-06-25 12:52:45.267598');
INSERT INTO tickets (id, state, group_id, event_id, occasion_id, district_id, companion_id, adult, user_id, wheelchair, booked_when, created_at, updated_at) VALUES (198, 0, 141, 1, NULL, 1, NULL, NULL, NULL, false, NULL, '2009-06-25 12:52:45.310637', '2009-06-25 12:52:45.310637');
INSERT INTO tickets (id, state, group_id, event_id, occasion_id, district_id, companion_id, adult, user_id, wheelchair, booked_when, created_at, updated_at) VALUES (199, 0, 162, 1, NULL, 4, NULL, NULL, NULL, false, NULL, '2009-06-25 12:52:45.348035', '2009-06-25 12:52:45.348035');
INSERT INTO tickets (id, state, group_id, event_id, occasion_id, district_id, companion_id, adult, user_id, wheelchair, booked_when, created_at, updated_at) VALUES (200, 0, 162, 1, NULL, 4, NULL, NULL, NULL, false, NULL, '2009-06-25 12:52:45.378548', '2009-06-25 12:52:45.378548');
INSERT INTO tickets (id, state, group_id, event_id, occasion_id, district_id, companion_id, adult, user_id, wheelchair, booked_when, created_at, updated_at) VALUES (201, 0, 162, 1, NULL, 4, NULL, NULL, NULL, false, NULL, '2009-06-25 12:52:45.411764', '2009-06-25 12:52:45.411764');
INSERT INTO tickets (id, state, group_id, event_id, occasion_id, district_id, companion_id, adult, user_id, wheelchair, booked_when, created_at, updated_at) VALUES (202, 0, 162, 1, NULL, 4, NULL, NULL, NULL, false, NULL, '2009-06-25 12:52:45.446777', '2009-06-25 12:52:45.446777');
INSERT INTO tickets (id, state, group_id, event_id, occasion_id, district_id, companion_id, adult, user_id, wheelchair, booked_when, created_at, updated_at) VALUES (203, 0, 162, 1, NULL, 4, NULL, NULL, NULL, false, NULL, '2009-06-25 12:52:45.515625', '2009-06-25 12:52:45.515625');
INSERT INTO tickets (id, state, group_id, event_id, occasion_id, district_id, companion_id, adult, user_id, wheelchair, booked_when, created_at, updated_at) VALUES (204, 0, 162, 1, NULL, 4, NULL, NULL, NULL, false, NULL, '2009-06-25 12:52:45.548364', '2009-06-25 12:52:45.548364');
INSERT INTO tickets (id, state, group_id, event_id, occasion_id, district_id, companion_id, adult, user_id, wheelchair, booked_when, created_at, updated_at) VALUES (205, 0, 162, 1, NULL, 4, NULL, NULL, NULL, false, NULL, '2009-06-25 12:52:45.583498', '2009-06-25 12:52:45.583498');
INSERT INTO tickets (id, state, group_id, event_id, occasion_id, district_id, companion_id, adult, user_id, wheelchair, booked_when, created_at, updated_at) VALUES (206, 0, 162, 1, NULL, 4, NULL, NULL, NULL, false, NULL, '2009-06-25 12:52:45.616155', '2009-06-25 12:52:45.616155');
INSERT INTO tickets (id, state, group_id, event_id, occasion_id, district_id, companion_id, adult, user_id, wheelchair, booked_when, created_at, updated_at) VALUES (207, 0, 162, 1, NULL, 4, NULL, NULL, NULL, false, NULL, '2009-06-25 12:52:45.654158', '2009-06-25 12:52:45.654158');
INSERT INTO tickets (id, state, group_id, event_id, occasion_id, district_id, companion_id, adult, user_id, wheelchair, booked_when, created_at, updated_at) VALUES (208, 0, 162, 1, NULL, 4, NULL, NULL, NULL, false, NULL, '2009-06-25 12:52:45.687365', '2009-06-25 12:52:45.687365');
INSERT INTO tickets (id, state, group_id, event_id, occasion_id, district_id, companion_id, adult, user_id, wheelchair, booked_when, created_at, updated_at) VALUES (209, 0, 162, 1, NULL, 4, NULL, NULL, NULL, false, NULL, '2009-06-25 12:52:45.722145', '2009-06-25 12:52:45.722145');
INSERT INTO tickets (id, state, group_id, event_id, occasion_id, district_id, companion_id, adult, user_id, wheelchair, booked_when, created_at, updated_at) VALUES (210, 0, 162, 1, NULL, 4, NULL, NULL, NULL, false, NULL, '2009-06-25 12:52:45.754884', '2009-06-25 12:52:45.754884');
INSERT INTO tickets (id, state, group_id, event_id, occasion_id, district_id, companion_id, adult, user_id, wheelchair, booked_when, created_at, updated_at) VALUES (211, 0, 162, 1, NULL, 4, NULL, NULL, NULL, false, NULL, '2009-06-25 12:52:45.79325', '2009-06-25 12:52:45.79325');
INSERT INTO tickets (id, state, group_id, event_id, occasion_id, district_id, companion_id, adult, user_id, wheelchair, booked_when, created_at, updated_at) VALUES (212, 0, 162, 1, NULL, 4, NULL, NULL, NULL, false, NULL, '2009-06-25 12:52:45.828686', '2009-06-25 12:52:45.828686');
INSERT INTO tickets (id, state, group_id, event_id, occasion_id, district_id, companion_id, adult, user_id, wheelchair, booked_when, created_at, updated_at) VALUES (213, 0, 162, 1, NULL, 4, NULL, NULL, NULL, false, NULL, '2009-06-25 12:52:45.868308', '2009-06-25 12:52:45.868308');
INSERT INTO tickets (id, state, group_id, event_id, occasion_id, district_id, companion_id, adult, user_id, wheelchair, booked_when, created_at, updated_at) VALUES (214, 0, 211, 1, NULL, 1, NULL, NULL, NULL, false, NULL, '2009-06-25 12:52:45.903365', '2009-06-25 12:52:45.903365');
INSERT INTO tickets (id, state, group_id, event_id, occasion_id, district_id, companion_id, adult, user_id, wheelchair, booked_when, created_at, updated_at) VALUES (215, 0, 211, 1, NULL, 1, NULL, NULL, NULL, false, NULL, '2009-06-25 12:52:45.93501', '2009-06-25 12:52:45.93501');
INSERT INTO tickets (id, state, group_id, event_id, occasion_id, district_id, companion_id, adult, user_id, wheelchair, booked_when, created_at, updated_at) VALUES (216, 0, 211, 1, NULL, 1, NULL, NULL, NULL, false, NULL, '2009-06-25 12:52:45.976227', '2009-06-25 12:52:45.976227');
INSERT INTO tickets (id, state, group_id, event_id, occasion_id, district_id, companion_id, adult, user_id, wheelchair, booked_when, created_at, updated_at) VALUES (217, 0, 211, 1, NULL, 1, NULL, NULL, NULL, false, NULL, '2009-06-25 12:52:46.450989', '2009-06-25 12:52:46.450989');
INSERT INTO tickets (id, state, group_id, event_id, occasion_id, district_id, companion_id, adult, user_id, wheelchair, booked_when, created_at, updated_at) VALUES (218, 0, 211, 1, NULL, 1, NULL, NULL, NULL, false, NULL, '2009-06-25 12:52:46.490751', '2009-06-25 12:52:46.490751');
INSERT INTO tickets (id, state, group_id, event_id, occasion_id, district_id, companion_id, adult, user_id, wheelchair, booked_when, created_at, updated_at) VALUES (219, 0, 211, 1, NULL, 1, NULL, NULL, NULL, false, NULL, '2009-06-25 12:52:46.527441', '2009-06-25 12:52:46.527441');
INSERT INTO tickets (id, state, group_id, event_id, occasion_id, district_id, companion_id, adult, user_id, wheelchair, booked_when, created_at, updated_at) VALUES (220, 0, 211, 1, NULL, 1, NULL, NULL, NULL, false, NULL, '2009-06-25 12:52:46.569823', '2009-06-25 12:52:46.569823');
INSERT INTO tickets (id, state, group_id, event_id, occasion_id, district_id, companion_id, adult, user_id, wheelchair, booked_when, created_at, updated_at) VALUES (221, 0, 211, 1, NULL, 1, NULL, NULL, NULL, false, NULL, '2009-06-25 12:52:46.61031', '2009-06-25 12:52:46.61031');
INSERT INTO tickets (id, state, group_id, event_id, occasion_id, district_id, companion_id, adult, user_id, wheelchair, booked_when, created_at, updated_at) VALUES (222, 0, 211, 1, NULL, 1, NULL, NULL, NULL, false, NULL, '2009-06-25 12:52:46.643708', '2009-06-25 12:52:46.643708');
INSERT INTO tickets (id, state, group_id, event_id, occasion_id, district_id, companion_id, adult, user_id, wheelchair, booked_when, created_at, updated_at) VALUES (223, 0, 211, 1, NULL, 1, NULL, NULL, NULL, false, NULL, '2009-06-25 12:52:46.684538', '2009-06-25 12:52:46.684538');
INSERT INTO tickets (id, state, group_id, event_id, occasion_id, district_id, companion_id, adult, user_id, wheelchair, booked_when, created_at, updated_at) VALUES (224, 0, 211, 1, NULL, 1, NULL, NULL, NULL, false, NULL, '2009-06-25 12:52:46.72213', '2009-06-25 12:52:46.72213');
INSERT INTO tickets (id, state, group_id, event_id, occasion_id, district_id, companion_id, adult, user_id, wheelchair, booked_when, created_at, updated_at) VALUES (225, 0, 211, 1, NULL, 1, NULL, NULL, NULL, false, NULL, '2009-06-25 12:52:46.757245', '2009-06-25 12:52:46.757245');
INSERT INTO tickets (id, state, group_id, event_id, occasion_id, district_id, companion_id, adult, user_id, wheelchair, booked_when, created_at, updated_at) VALUES (226, 0, 211, 1, NULL, 1, NULL, NULL, NULL, false, NULL, '2009-06-25 12:52:46.792932', '2009-06-25 12:52:46.792932');
INSERT INTO tickets (id, state, group_id, event_id, occasion_id, district_id, companion_id, adult, user_id, wheelchair, booked_when, created_at, updated_at) VALUES (227, 0, 211, 1, NULL, 1, NULL, NULL, NULL, false, NULL, '2009-06-25 12:52:46.83514', '2009-06-25 12:52:46.83514');
INSERT INTO tickets (id, state, group_id, event_id, occasion_id, district_id, companion_id, adult, user_id, wheelchair, booked_when, created_at, updated_at) VALUES (228, 0, 211, 1, NULL, 1, NULL, NULL, NULL, false, NULL, '2009-06-25 12:52:46.87247', '2009-06-25 12:52:46.87247');
INSERT INTO tickets (id, state, group_id, event_id, occasion_id, district_id, companion_id, adult, user_id, wheelchair, booked_when, created_at, updated_at) VALUES (229, 0, 211, 1, NULL, 1, NULL, NULL, NULL, false, NULL, '2009-06-25 12:52:46.911095', '2009-06-25 12:52:46.911095');
INSERT INTO tickets (id, state, group_id, event_id, occasion_id, district_id, companion_id, adult, user_id, wheelchair, booked_when, created_at, updated_at) VALUES (230, 0, 211, 1, NULL, 1, NULL, NULL, NULL, false, NULL, '2009-06-25 12:52:46.951722', '2009-06-25 12:52:46.951722');
INSERT INTO tickets (id, state, group_id, event_id, occasion_id, district_id, companion_id, adult, user_id, wheelchair, booked_when, created_at, updated_at) VALUES (231, 0, 211, 1, NULL, 1, NULL, NULL, NULL, false, NULL, '2009-06-25 12:52:46.99623', '2009-06-25 12:52:46.99623');
INSERT INTO tickets (id, state, group_id, event_id, occasion_id, district_id, companion_id, adult, user_id, wheelchair, booked_when, created_at, updated_at) VALUES (232, 0, 211, 1, NULL, 1, NULL, NULL, NULL, false, NULL, '2009-06-25 12:52:47.029509', '2009-06-25 12:52:47.029509');
INSERT INTO tickets (id, state, group_id, event_id, occasion_id, district_id, companion_id, adult, user_id, wheelchair, booked_when, created_at, updated_at) VALUES (233, 0, 211, 1, NULL, 1, NULL, NULL, NULL, false, NULL, '2009-06-25 12:52:47.062592', '2009-06-25 12:52:47.062592');
INSERT INTO tickets (id, state, group_id, event_id, occasion_id, district_id, companion_id, adult, user_id, wheelchair, booked_when, created_at, updated_at) VALUES (234, 0, 211, 1, NULL, 1, NULL, NULL, NULL, false, NULL, '2009-06-25 12:52:47.097629', '2009-06-25 12:52:47.097629');
INSERT INTO tickets (id, state, group_id, event_id, occasion_id, district_id, companion_id, adult, user_id, wheelchair, booked_when, created_at, updated_at) VALUES (235, 0, 211, 1, NULL, 1, NULL, NULL, NULL, false, NULL, '2009-06-25 12:52:47.136287', '2009-06-25 12:52:47.136287');
INSERT INTO tickets (id, state, group_id, event_id, occasion_id, district_id, companion_id, adult, user_id, wheelchair, booked_when, created_at, updated_at) VALUES (236, 0, 211, 1, NULL, 1, NULL, NULL, NULL, false, NULL, '2009-06-25 12:52:47.171365', '2009-06-25 12:52:47.171365');
INSERT INTO tickets (id, state, group_id, event_id, occasion_id, district_id, companion_id, adult, user_id, wheelchair, booked_when, created_at, updated_at) VALUES (237, 0, 211, 1, NULL, 1, NULL, NULL, NULL, false, NULL, '2009-06-25 12:52:47.210983', '2009-06-25 12:52:47.210983');
INSERT INTO tickets (id, state, group_id, event_id, occasion_id, district_id, companion_id, adult, user_id, wheelchair, booked_when, created_at, updated_at) VALUES (238, 0, 232, 1, NULL, 4, NULL, NULL, NULL, false, NULL, '2009-06-25 12:52:47.255829', '2009-06-25 12:52:47.255829');
INSERT INTO tickets (id, state, group_id, event_id, occasion_id, district_id, companion_id, adult, user_id, wheelchair, booked_when, created_at, updated_at) VALUES (239, 0, 232, 1, NULL, 4, NULL, NULL, NULL, false, NULL, '2009-06-25 12:52:47.290747', '2009-06-25 12:52:47.290747');
INSERT INTO tickets (id, state, group_id, event_id, occasion_id, district_id, companion_id, adult, user_id, wheelchair, booked_when, created_at, updated_at) VALUES (240, 0, 232, 1, NULL, 4, NULL, NULL, NULL, false, NULL, '2009-06-25 12:52:47.326445', '2009-06-25 12:52:47.326445');
INSERT INTO tickets (id, state, group_id, event_id, occasion_id, district_id, companion_id, adult, user_id, wheelchair, booked_when, created_at, updated_at) VALUES (241, 0, 232, 1, NULL, 4, NULL, NULL, NULL, false, NULL, '2009-06-25 12:52:47.357823', '2009-06-25 12:52:47.357823');
INSERT INTO tickets (id, state, group_id, event_id, occasion_id, district_id, companion_id, adult, user_id, wheelchair, booked_when, created_at, updated_at) VALUES (242, 0, 232, 1, NULL, 4, NULL, NULL, NULL, false, NULL, '2009-06-25 12:52:47.389053', '2009-06-25 12:52:47.389053');
INSERT INTO tickets (id, state, group_id, event_id, occasion_id, district_id, companion_id, adult, user_id, wheelchair, booked_when, created_at, updated_at) VALUES (243, 0, 232, 1, NULL, 4, NULL, NULL, NULL, false, NULL, '2009-06-25 12:52:47.427792', '2009-06-25 12:52:47.427792');
INSERT INTO tickets (id, state, group_id, event_id, occasion_id, district_id, companion_id, adult, user_id, wheelchair, booked_when, created_at, updated_at) VALUES (244, 0, 232, 1, NULL, 4, NULL, NULL, NULL, false, NULL, '2009-06-25 12:52:47.463755', '2009-06-25 12:52:47.463755');
INSERT INTO tickets (id, state, group_id, event_id, occasion_id, district_id, companion_id, adult, user_id, wheelchair, booked_when, created_at, updated_at) VALUES (245, 0, 232, 1, NULL, 4, NULL, NULL, NULL, false, NULL, '2009-06-25 12:52:47.501609', '2009-06-25 12:52:47.501609');
INSERT INTO tickets (id, state, group_id, event_id, occasion_id, district_id, companion_id, adult, user_id, wheelchair, booked_when, created_at, updated_at) VALUES (246, 0, 232, 1, NULL, 4, NULL, NULL, NULL, false, NULL, '2009-06-25 12:52:47.539395', '2009-06-25 12:52:47.539395');
INSERT INTO tickets (id, state, group_id, event_id, occasion_id, district_id, companion_id, adult, user_id, wheelchair, booked_when, created_at, updated_at) VALUES (247, 0, 232, 1, NULL, 4, NULL, NULL, NULL, false, NULL, '2009-06-25 12:52:47.575241', '2009-06-25 12:52:47.575241');
INSERT INTO tickets (id, state, group_id, event_id, occasion_id, district_id, companion_id, adult, user_id, wheelchair, booked_when, created_at, updated_at) VALUES (248, 0, 232, 1, NULL, 4, NULL, NULL, NULL, false, NULL, '2009-06-25 12:52:47.614487', '2009-06-25 12:52:47.614487');
INSERT INTO tickets (id, state, group_id, event_id, occasion_id, district_id, companion_id, adult, user_id, wheelchair, booked_when, created_at, updated_at) VALUES (249, 0, 232, 1, NULL, 4, NULL, NULL, NULL, false, NULL, '2009-06-25 12:52:47.646571', '2009-06-25 12:52:47.646571');
INSERT INTO tickets (id, state, group_id, event_id, occasion_id, district_id, companion_id, adult, user_id, wheelchair, booked_when, created_at, updated_at) VALUES (250, 0, 232, 1, NULL, 4, NULL, NULL, NULL, false, NULL, '2009-06-25 12:52:47.677127', '2009-06-25 12:52:47.677127');
INSERT INTO tickets (id, state, group_id, event_id, occasion_id, district_id, companion_id, adult, user_id, wheelchair, booked_when, created_at, updated_at) VALUES (1, 1, 1, 1, 1, 1, 1, true, 1, false, '2009-06-25 13:00:48', '2009-06-25 12:52:36.462757', '2009-06-25 13:00:48.543817');
INSERT INTO tickets (id, state, group_id, event_id, occasion_id, district_id, companion_id, adult, user_id, wheelchair, booked_when, created_at, updated_at) VALUES (2, 1, 1, 1, 1, 1, 1, false, 1, false, '2009-06-25 13:00:48', '2009-06-25 12:52:36.528696', '2009-06-25 13:00:48.576321');
INSERT INTO tickets (id, state, group_id, event_id, occasion_id, district_id, companion_id, adult, user_id, wheelchair, booked_when, created_at, updated_at) VALUES (3, 1, 1, 1, 1, 1, 1, false, 1, false, '2009-06-25 13:00:48', '2009-06-25 12:52:36.56912', '2009-06-25 13:00:48.606099');
INSERT INTO tickets (id, state, group_id, event_id, occasion_id, district_id, companion_id, adult, user_id, wheelchair, booked_when, created_at, updated_at) VALUES (4, 1, 1, 1, 1, 1, 1, false, 1, false, '2009-06-25 13:00:48', '2009-06-25 12:52:36.614566', '2009-06-25 13:00:48.637382');
INSERT INTO tickets (id, state, group_id, event_id, occasion_id, district_id, companion_id, adult, user_id, wheelchair, booked_when, created_at, updated_at) VALUES (5, 1, 1, 1, 1, 1, 1, false, 1, false, '2009-06-25 13:00:48', '2009-06-25 12:52:36.648035', '2009-06-25 13:00:48.664858');
INSERT INTO tickets (id, state, group_id, event_id, occasion_id, district_id, companion_id, adult, user_id, wheelchair, booked_when, created_at, updated_at) VALUES (6, 1, 1, 1, 1, 1, 1, false, 1, false, '2009-06-25 13:00:48', '2009-06-25 12:52:36.682148', '2009-06-25 13:00:48.692658');
INSERT INTO tickets (id, state, group_id, event_id, occasion_id, district_id, companion_id, adult, user_id, wheelchair, booked_when, created_at, updated_at) VALUES (7, 1, 1, 1, 1, 1, 1, false, 1, false, '2009-06-25 13:00:48', '2009-06-25 12:52:36.722712', '2009-06-25 13:00:48.722072');
INSERT INTO tickets (id, state, group_id, event_id, occasion_id, district_id, companion_id, adult, user_id, wheelchair, booked_when, created_at, updated_at) VALUES (8, 1, 1, 1, 1, 1, 1, false, 1, false, '2009-06-25 13:00:48', '2009-06-25 12:52:36.756225', '2009-06-25 13:00:48.752894');
INSERT INTO tickets (id, state, group_id, event_id, occasion_id, district_id, companion_id, adult, user_id, wheelchair, booked_when, created_at, updated_at) VALUES (9, 1, 1, 1, 1, 1, 1, false, 1, false, '2009-06-25 13:00:48', '2009-06-25 12:52:36.790739', '2009-06-25 13:00:48.780966');
INSERT INTO tickets (id, state, group_id, event_id, occasion_id, district_id, companion_id, adult, user_id, wheelchair, booked_when, created_at, updated_at) VALUES (10, 1, 1, 1, 1, 1, 1, false, 1, false, '2009-06-25 13:00:48', '2009-06-25 12:52:36.826055', '2009-06-25 13:00:48.810073');
INSERT INTO tickets (id, state, group_id, event_id, occasion_id, district_id, companion_id, adult, user_id, wheelchair, booked_when, created_at, updated_at) VALUES (11, 1, 1, 1, 1, 1, 1, false, 1, false, '2009-06-25 13:00:48', '2009-06-25 12:52:36.861813', '2009-06-25 13:00:48.85612');
INSERT INTO tickets (id, state, group_id, event_id, occasion_id, district_id, companion_id, adult, user_id, wheelchair, booked_when, created_at, updated_at) VALUES (12, 1, 1, 1, 1, 1, 1, false, 1, false, '2009-06-25 13:00:48', '2009-06-25 12:52:36.896495', '2009-06-25 13:00:48.886442');
INSERT INTO tickets (id, state, group_id, event_id, occasion_id, district_id, companion_id, adult, user_id, wheelchair, booked_when, created_at, updated_at) VALUES (13, 1, 1, 1, 1, 1, 1, false, 1, false, '2009-06-25 13:00:48', '2009-06-25 12:52:36.932128', '2009-06-25 13:00:48.92504');
INSERT INTO tickets (id, state, group_id, event_id, occasion_id, district_id, companion_id, adult, user_id, wheelchair, booked_when, created_at, updated_at) VALUES (251, 0, 6, 2, NULL, 1, NULL, NULL, NULL, false, NULL, '2009-06-25 13:08:38.552727', '2009-06-25 13:08:38.552727');
INSERT INTO tickets (id, state, group_id, event_id, occasion_id, district_id, companion_id, adult, user_id, wheelchair, booked_when, created_at, updated_at) VALUES (252, 0, 6, 2, NULL, 1, NULL, NULL, NULL, false, NULL, '2009-06-25 13:08:38.617678', '2009-06-25 13:08:38.617678');
INSERT INTO tickets (id, state, group_id, event_id, occasion_id, district_id, companion_id, adult, user_id, wheelchair, booked_when, created_at, updated_at) VALUES (253, 0, 6, 2, NULL, 1, NULL, NULL, NULL, false, NULL, '2009-06-25 13:08:38.662078', '2009-06-25 13:08:38.662078');
INSERT INTO tickets (id, state, group_id, event_id, occasion_id, district_id, companion_id, adult, user_id, wheelchair, booked_when, created_at, updated_at) VALUES (254, 0, 6, 2, NULL, 1, NULL, NULL, NULL, false, NULL, '2009-06-25 13:08:38.700163', '2009-06-25 13:08:38.700163');
INSERT INTO tickets (id, state, group_id, event_id, occasion_id, district_id, companion_id, adult, user_id, wheelchair, booked_when, created_at, updated_at) VALUES (255, 0, 6, 2, NULL, 1, NULL, NULL, NULL, false, NULL, '2009-06-25 13:08:38.741803', '2009-06-25 13:08:38.741803');
INSERT INTO tickets (id, state, group_id, event_id, occasion_id, district_id, companion_id, adult, user_id, wheelchair, booked_when, created_at, updated_at) VALUES (256, 0, 6, 2, NULL, 1, NULL, NULL, NULL, false, NULL, '2009-06-25 13:08:38.78173', '2009-06-25 13:08:38.78173');
INSERT INTO tickets (id, state, group_id, event_id, occasion_id, district_id, companion_id, adult, user_id, wheelchair, booked_when, created_at, updated_at) VALUES (257, 0, 6, 2, NULL, 1, NULL, NULL, NULL, false, NULL, '2009-06-25 13:08:38.823134', '2009-06-25 13:08:38.823134');
INSERT INTO tickets (id, state, group_id, event_id, occasion_id, district_id, companion_id, adult, user_id, wheelchair, booked_when, created_at, updated_at) VALUES (258, 0, 6, 2, NULL, 1, NULL, NULL, NULL, false, NULL, '2009-06-25 13:08:38.863936', '2009-06-25 13:08:38.863936');
INSERT INTO tickets (id, state, group_id, event_id, occasion_id, district_id, companion_id, adult, user_id, wheelchair, booked_when, created_at, updated_at) VALUES (259, 0, 6, 2, NULL, 1, NULL, NULL, NULL, false, NULL, '2009-06-25 13:08:38.903891', '2009-06-25 13:08:38.903891');
INSERT INTO tickets (id, state, group_id, event_id, occasion_id, district_id, companion_id, adult, user_id, wheelchair, booked_when, created_at, updated_at) VALUES (260, 0, 6, 2, NULL, 1, NULL, NULL, NULL, false, NULL, '2009-06-25 13:08:38.944705', '2009-06-25 13:08:38.944705');
INSERT INTO tickets (id, state, group_id, event_id, occasion_id, district_id, companion_id, adult, user_id, wheelchair, booked_when, created_at, updated_at) VALUES (261, 0, 6, 2, NULL, 1, NULL, NULL, NULL, false, NULL, '2009-06-25 13:08:38.98335', '2009-06-25 13:08:38.98335');
INSERT INTO tickets (id, state, group_id, event_id, occasion_id, district_id, companion_id, adult, user_id, wheelchair, booked_when, created_at, updated_at) VALUES (262, 0, 6, 2, NULL, 1, NULL, NULL, NULL, false, NULL, '2009-06-25 13:08:39.030366', '2009-06-25 13:08:39.030366');
INSERT INTO tickets (id, state, group_id, event_id, occasion_id, district_id, companion_id, adult, user_id, wheelchair, booked_when, created_at, updated_at) VALUES (263, 0, 6, 2, NULL, 1, NULL, NULL, NULL, false, NULL, '2009-06-25 13:08:39.067775', '2009-06-25 13:08:39.067775');
INSERT INTO tickets (id, state, group_id, event_id, occasion_id, district_id, companion_id, adult, user_id, wheelchair, booked_when, created_at, updated_at) VALUES (264, 0, 6, 2, NULL, 1, NULL, NULL, NULL, false, NULL, '2009-06-25 13:08:39.109814', '2009-06-25 13:08:39.109814');
INSERT INTO tickets (id, state, group_id, event_id, occasion_id, district_id, companion_id, adult, user_id, wheelchair, booked_when, created_at, updated_at) VALUES (265, 0, 6, 2, NULL, 1, NULL, NULL, NULL, false, NULL, '2009-06-25 13:08:39.154744', '2009-06-25 13:08:39.154744');
INSERT INTO tickets (id, state, group_id, event_id, occasion_id, district_id, companion_id, adult, user_id, wheelchair, booked_when, created_at, updated_at) VALUES (266, 0, 6, 2, NULL, 1, NULL, NULL, NULL, false, NULL, '2009-06-25 13:08:39.197875', '2009-06-25 13:08:39.197875');
INSERT INTO tickets (id, state, group_id, event_id, occasion_id, district_id, companion_id, adult, user_id, wheelchair, booked_when, created_at, updated_at) VALUES (267, 0, 7, 2, NULL, 1, NULL, NULL, NULL, false, NULL, '2009-06-25 13:08:39.236121', '2009-06-25 13:08:39.236121');
INSERT INTO tickets (id, state, group_id, event_id, occasion_id, district_id, companion_id, adult, user_id, wheelchair, booked_when, created_at, updated_at) VALUES (268, 0, 7, 2, NULL, 1, NULL, NULL, NULL, false, NULL, '2009-06-25 13:08:39.277288', '2009-06-25 13:08:39.277288');
INSERT INTO tickets (id, state, group_id, event_id, occasion_id, district_id, companion_id, adult, user_id, wheelchair, booked_when, created_at, updated_at) VALUES (269, 0, 7, 2, NULL, 1, NULL, NULL, NULL, false, NULL, '2009-06-25 13:08:39.320048', '2009-06-25 13:08:39.320048');
INSERT INTO tickets (id, state, group_id, event_id, occasion_id, district_id, companion_id, adult, user_id, wheelchair, booked_when, created_at, updated_at) VALUES (270, 0, 7, 2, NULL, 1, NULL, NULL, NULL, false, NULL, '2009-06-25 13:08:39.357499', '2009-06-25 13:08:39.357499');
INSERT INTO tickets (id, state, group_id, event_id, occasion_id, district_id, companion_id, adult, user_id, wheelchair, booked_when, created_at, updated_at) VALUES (271, 0, 7, 2, NULL, 1, NULL, NULL, NULL, false, NULL, '2009-06-25 13:08:39.395084', '2009-06-25 13:08:39.395084');
INSERT INTO tickets (id, state, group_id, event_id, occasion_id, district_id, companion_id, adult, user_id, wheelchair, booked_when, created_at, updated_at) VALUES (272, 0, 7, 2, NULL, 1, NULL, NULL, NULL, false, NULL, '2009-06-25 13:08:39.44211', '2009-06-25 13:08:39.44211');
INSERT INTO tickets (id, state, group_id, event_id, occasion_id, district_id, companion_id, adult, user_id, wheelchair, booked_when, created_at, updated_at) VALUES (273, 0, 7, 2, NULL, 1, NULL, NULL, NULL, false, NULL, '2009-06-25 13:08:39.481689', '2009-06-25 13:08:39.481689');
INSERT INTO tickets (id, state, group_id, event_id, occasion_id, district_id, companion_id, adult, user_id, wheelchair, booked_when, created_at, updated_at) VALUES (274, 0, 7, 2, NULL, 1, NULL, NULL, NULL, false, NULL, '2009-06-25 13:08:39.52114', '2009-06-25 13:08:39.52114');
INSERT INTO tickets (id, state, group_id, event_id, occasion_id, district_id, companion_id, adult, user_id, wheelchair, booked_when, created_at, updated_at) VALUES (275, 0, 7, 2, NULL, 1, NULL, NULL, NULL, false, NULL, '2009-06-25 13:08:39.557744', '2009-06-25 13:08:39.557744');
INSERT INTO tickets (id, state, group_id, event_id, occasion_id, district_id, companion_id, adult, user_id, wheelchair, booked_when, created_at, updated_at) VALUES (276, 0, 7, 2, NULL, 1, NULL, NULL, NULL, false, NULL, '2009-06-25 13:08:39.594407', '2009-06-25 13:08:39.594407');
INSERT INTO tickets (id, state, group_id, event_id, occasion_id, district_id, companion_id, adult, user_id, wheelchair, booked_when, created_at, updated_at) VALUES (277, 0, 7, 2, NULL, 1, NULL, NULL, NULL, false, NULL, '2009-06-25 13:08:39.633359', '2009-06-25 13:08:39.633359');
INSERT INTO tickets (id, state, group_id, event_id, occasion_id, district_id, companion_id, adult, user_id, wheelchair, booked_when, created_at, updated_at) VALUES (278, 0, 7, 2, NULL, 1, NULL, NULL, NULL, false, NULL, '2009-06-25 13:08:39.676288', '2009-06-25 13:08:39.676288');
INSERT INTO tickets (id, state, group_id, event_id, occasion_id, district_id, companion_id, adult, user_id, wheelchair, booked_when, created_at, updated_at) VALUES (279, 0, 7, 2, NULL, 1, NULL, NULL, NULL, false, NULL, '2009-06-25 13:08:39.721049', '2009-06-25 13:08:39.721049');
INSERT INTO tickets (id, state, group_id, event_id, occasion_id, district_id, companion_id, adult, user_id, wheelchair, booked_when, created_at, updated_at) VALUES (280, 0, 7, 2, NULL, 1, NULL, NULL, NULL, false, NULL, '2009-06-25 13:08:39.761704', '2009-06-25 13:08:39.761704');
INSERT INTO tickets (id, state, group_id, event_id, occasion_id, district_id, companion_id, adult, user_id, wheelchair, booked_when, created_at, updated_at) VALUES (281, 0, 7, 2, NULL, 1, NULL, NULL, NULL, false, NULL, '2009-06-25 13:08:39.804031', '2009-06-25 13:08:39.804031');
INSERT INTO tickets (id, state, group_id, event_id, occasion_id, district_id, companion_id, adult, user_id, wheelchair, booked_when, created_at, updated_at) VALUES (282, 0, 77, 2, NULL, 1, NULL, NULL, NULL, false, NULL, '2009-06-25 13:08:39.843372', '2009-06-25 13:08:39.843372');
INSERT INTO tickets (id, state, group_id, event_id, occasion_id, district_id, companion_id, adult, user_id, wheelchair, booked_when, created_at, updated_at) VALUES (283, 0, 77, 2, NULL, 1, NULL, NULL, NULL, false, NULL, '2009-06-25 13:08:39.883241', '2009-06-25 13:08:39.883241');
INSERT INTO tickets (id, state, group_id, event_id, occasion_id, district_id, companion_id, adult, user_id, wheelchair, booked_when, created_at, updated_at) VALUES (284, 0, 77, 2, NULL, 1, NULL, NULL, NULL, false, NULL, '2009-06-25 13:08:39.919898', '2009-06-25 13:08:39.919898');
INSERT INTO tickets (id, state, group_id, event_id, occasion_id, district_id, companion_id, adult, user_id, wheelchair, booked_when, created_at, updated_at) VALUES (285, 0, 77, 2, NULL, 1, NULL, NULL, NULL, false, NULL, '2009-06-25 13:08:39.956201', '2009-06-25 13:08:39.956201');
INSERT INTO tickets (id, state, group_id, event_id, occasion_id, district_id, companion_id, adult, user_id, wheelchair, booked_when, created_at, updated_at) VALUES (286, 0, 77, 2, NULL, 1, NULL, NULL, NULL, false, NULL, '2009-06-25 13:08:40.399936', '2009-06-25 13:08:40.399936');
INSERT INTO tickets (id, state, group_id, event_id, occasion_id, district_id, companion_id, adult, user_id, wheelchair, booked_when, created_at, updated_at) VALUES (287, 0, 147, 2, NULL, 1, NULL, NULL, NULL, false, NULL, '2009-06-25 13:08:40.44272', '2009-06-25 13:08:40.44272');
INSERT INTO tickets (id, state, group_id, event_id, occasion_id, district_id, companion_id, adult, user_id, wheelchair, booked_when, created_at, updated_at) VALUES (288, 0, 147, 2, NULL, 1, NULL, NULL, NULL, false, NULL, '2009-06-25 13:08:40.484588', '2009-06-25 13:08:40.484588');
INSERT INTO tickets (id, state, group_id, event_id, occasion_id, district_id, companion_id, adult, user_id, wheelchair, booked_when, created_at, updated_at) VALUES (289, 0, 147, 2, NULL, 1, NULL, NULL, NULL, false, NULL, '2009-06-25 13:08:40.525356', '2009-06-25 13:08:40.525356');
INSERT INTO tickets (id, state, group_id, event_id, occasion_id, district_id, companion_id, adult, user_id, wheelchair, booked_when, created_at, updated_at) VALUES (290, 0, 147, 2, NULL, 1, NULL, NULL, NULL, false, NULL, '2009-06-25 13:08:40.5653', '2009-06-25 13:08:40.5653');
INSERT INTO tickets (id, state, group_id, event_id, occasion_id, district_id, companion_id, adult, user_id, wheelchair, booked_when, created_at, updated_at) VALUES (291, 0, 147, 2, NULL, 1, NULL, NULL, NULL, false, NULL, '2009-06-25 13:08:40.604421', '2009-06-25 13:08:40.604421');
INSERT INTO tickets (id, state, group_id, event_id, occasion_id, district_id, companion_id, adult, user_id, wheelchair, booked_when, created_at, updated_at) VALUES (292, 0, 147, 2, NULL, 1, NULL, NULL, NULL, false, NULL, '2009-06-25 13:08:40.644725', '2009-06-25 13:08:40.644725');
INSERT INTO tickets (id, state, group_id, event_id, occasion_id, district_id, companion_id, adult, user_id, wheelchair, booked_when, created_at, updated_at) VALUES (293, 0, 147, 2, NULL, 1, NULL, NULL, NULL, false, NULL, '2009-06-25 13:08:40.681283', '2009-06-25 13:08:40.681283');
INSERT INTO tickets (id, state, group_id, event_id, occasion_id, district_id, companion_id, adult, user_id, wheelchair, booked_when, created_at, updated_at) VALUES (294, 0, 147, 2, NULL, 1, NULL, NULL, NULL, false, NULL, '2009-06-25 13:08:40.721861', '2009-06-25 13:08:40.721861');
INSERT INTO tickets (id, state, group_id, event_id, occasion_id, district_id, companion_id, adult, user_id, wheelchair, booked_when, created_at, updated_at) VALUES (295, 0, 147, 2, NULL, 1, NULL, NULL, NULL, false, NULL, '2009-06-25 13:08:40.763759', '2009-06-25 13:08:40.763759');
INSERT INTO tickets (id, state, group_id, event_id, occasion_id, district_id, companion_id, adult, user_id, wheelchair, booked_when, created_at, updated_at) VALUES (296, 0, 147, 2, NULL, 1, NULL, NULL, NULL, false, NULL, '2009-06-25 13:08:40.806653', '2009-06-25 13:08:40.806653');
INSERT INTO tickets (id, state, group_id, event_id, occasion_id, district_id, companion_id, adult, user_id, wheelchair, booked_when, created_at, updated_at) VALUES (297, 0, 147, 2, NULL, 1, NULL, NULL, NULL, false, NULL, '2009-06-25 13:08:40.847451', '2009-06-25 13:08:40.847451');
INSERT INTO tickets (id, state, group_id, event_id, occasion_id, district_id, companion_id, adult, user_id, wheelchair, booked_when, created_at, updated_at) VALUES (298, 0, 147, 2, NULL, 1, NULL, NULL, NULL, false, NULL, '2009-06-25 13:08:40.884853', '2009-06-25 13:08:40.884853');
INSERT INTO tickets (id, state, group_id, event_id, occasion_id, district_id, companion_id, adult, user_id, wheelchair, booked_when, created_at, updated_at) VALUES (299, 0, 147, 2, NULL, 1, NULL, NULL, NULL, false, NULL, '2009-06-25 13:08:40.92723', '2009-06-25 13:08:40.92723');
INSERT INTO tickets (id, state, group_id, event_id, occasion_id, district_id, companion_id, adult, user_id, wheelchair, booked_when, created_at, updated_at) VALUES (300, 0, 147, 2, NULL, 1, NULL, NULL, NULL, false, NULL, '2009-06-25 13:08:40.964427', '2009-06-25 13:08:40.964427');


--
-- Data for Name: users; Type: TABLE DATA; Schema: public; Owner: root
--

INSERT INTO users (id, username, "password", salt, name, email, mobil_nr, created_at, updated_at) VALUES (1, 'admin', '9d9a3a2cd935832b696e2a9929918ca05f1e1381', 'wweHbmCxwo', 'Admin', 'admin@admin.com', '0', '2009-06-25 11:58:36.167511', '2009-06-25 11:58:36.167511');


--
--
-- Data for Name: booking_requirements; Type: TABLE DATA; Schema: public; Owner: root
--

INSERT INTO booking_requirements (id, requirement, occasion_id, group_id, created_at, updated_at) VALUES (1, 'Bogserbåt', 1, 1, '2009-06-25 13:00:47.280773', '2009-06-25 13:00:47.280773');


-- PostgreSQL database dump complete
--

